1 1 -10.1246 5.0355 -1.5859 -0.0251 -0.3647
1 2 -10.1234 5.0720 -1.5856 -0.1196 0.1516
1 3 -10.1248 5.0569 -1.5862 -0.3360 -0.9175
1 4 -10.1047 5.1473 -1.5773 0.4144 -0.8452
1 5 -10.1252 5.2306 -1.5873 -0.6201 -0.4564
1 6 -10.1077 5.2743 -1.5794 0.0732 -0.8818
1 7 -10.1111 5.3624 -1.5814 -0.3713 -0.7608
1 8 -10.0932 5.4373 -1.5733 -0.6511 -0.7275
1 9 -10.0651 5.5072 -1.5601 -0.5929 -0.8931
2 1 6.2337 5.0677 1.1490 -0.7019 -0.9881
2 2 6.1581 4.9981 1.1683 -0.0009 0.7733
2 3 6.1884 5.0693 1.1683 -0.2495 0.3740
2 4 6.2084 5.1011 1.1656 -0.2657 0.1921
2 5 6.2189 5.1173 1.1641 -0.2361 0.4547
2 6 6.2431 5.1561 1.1609 0.7356 -0.8950
2 7 6.2446 5.0627 1.1426 -0.7731 -0.7678
2 8 6.1828 5.0112 1.1591 -0.3391 0.4598
2 9 6.2099 5.0489 1.1546 -0.0487 0.3118
2 10 6.2234 5.0770 1.1541 -0.7693 0.2115
2 11 6.2404 5.0912 1.1496 0.0431 0.6990
2 12 6.2671 5.1558 1.1505 -0.6627 0.9107
2 13 6.3362 5.2201 1.1337 0.0386 0.2885
2 14 6.3477 5.2465 1.1341 0.5211 -0.4697
2 15 6.3416 5.1989 1.1272 -0.2585 0.3437
2 16 6.3614 5.2273 1.1246 -0.5564 -0.9930
2 17 6.2904 5.1543 1.1401 0.5281 -0.4919
2 18 6.2845 5.1043 1.1328 -0.0754 0.3937
2 19 6.3030 5.1390 1.1318 -0.1970 -0.9550
2 20 6.2519 5.0580 1.1375 0.2820 0.2488
2 21 6.2582 5.0822 1.1395 0.5678 0.4132
2 22 6.2620 5.1245 1.1461 0.3038 0.3204
2 23 6.2694 5.1559 1.1489 -0.6816 0.7707
2 24 6.3286 5.2097 1.1343 -0.0438 -0.7195
2 25 6.2963 5.1454 1.1353 0.3218 -0.0575
2 26 6.2950 5.1397 1.1347 0.1542 0.2116
2 27 6.3019 5.1598 1.1357 0.5648 -0.8905
2 28 6.2924 5.0689 1.1216 -0.7520 -0.8393
2 29 6.2245 5.0133 1.1392 0.2524 0.1889
2 30 6.2296 5.0316 1.1406 0.1103 0.1274
2 31 6.2341 5.0435 1.1410 0.0562 -0.0316
2 32 6.2329 5.0406 1.1410 0.5986 0.9487
2 33 6.2392 5.1381 1.1568 0.5689 0.4585
2 34 6.2425 5.1850 1.1641 0.1054 -0.0668
2 35 6.2403 5.1787 1.1639 0.0973 0.3616
2 36 6.2525 5.2128 1.1650 -0.0744 0.8123
2 37 6.2883 5.2858 1.1631 -0.5510 -0.1365
2 38 6.2789 5.2754 1.1652 -0.1450 0.9435
3 1 3.3939 4.9822 -1.1364 -0.7429 0.4144
3 2 3.3935 4.9389 -1.1449 -0.2524 -0.2751
3 3 3.3862 4.9656 -1.1429 0.7314 -0.1528
3 4 3.3741 4.9760 -1.1460 -0.4012 -0.2492
3 5 3.3696 5.0009 -1.1431 0.0355 -0.0441
3 6 3.3677 5.0048 -1.1432 0.5084 -0.9982
3 7 3.2999 5.0811 -1.1575 0.2275 0.6559
3 8 3.3349 5.0252 -1.1530 0.4394 0.9851
3 9 3.3988 4.9481 -1.1407 -0.6697 -0.8436
3 10 3.3952 5.0355 -1.1250 -0.6187 -0.4951
3 11 3.3910 5.0864 -1.1165 0.1461 0.1719
3 12 3.4000 5.0717 -1.1157 -0.3906 -0.9934
3 13 3.3779 5.1699 -1.1046 0.5255 0.6980
3 14 3.4285 5.1195 -1.0943 0.6004 0.2102
3 15 3.4446 5.1050 -1.0908 -0.5175 0.4905
3 16 3.4528 5.0555 -1.0979 -0.1352 -0.4730
3 17 3.4350 5.0994 -1.0960 -0.4866 -0.5418
3 18 3.4248 5.1537 -1.0885 -0.6597 -0.9411
3 19 3.4152 5.2507 -1.0712 -0.0932 0.8284
3 20 3.4502 5.1756 -1.0736 -0.7644 0.2096
3 21 3.4512 5.1536 -1.0781 0.6482 -0.0509
3 22 3.4471 5.1570 -1.0790 -0.6358 -0.3009
3 23 3.4435 5.1879 -1.0736 0.1937 0.8139
3 24 3.4912 5.1216 -1.0689 -0.6563 -0.6840
3 25 3.4828 5.1919 -1.0564 -0.3625 -0.9994
3 26 3.4534 5.2886 -1.0460 -0.5106 -0.7086
4 1 4.7772 3.6380 -2.5662 0.7115 0.8378
4 2 4.7304 3.5644 -2.5496 -0.4859 -0.3784
4 3 4.7673 3.5758 -2.5444 -0.4176 -0.7898
4 4 4.8426 3.6031 -2.5350 -0.5202 -0.1965
4 5 4.8619 3.6089 -2.5321 -0.7740 -0.1845
4 6 4.8810 3.6119 -2.5281 -0.6894 -0.6926
4 7 4.9513 3.6270 -2.5149 -0.2821 -0.9964
4 8 5.0415 3.6710 -2.5066 -0.7115 -0.2866
4 9 5.0707 3.6775 -2.5010 -0.0063 0.1098
4 10 5.0618 3.6709 -2.5010 0.1402 -0.1548
4 11 5.0734 3.6813 -2.5017 -0.4459 -0.6786
4 12 5.1376 3.7065 -2.4931 -0.7814 0.7287
4 13 5.0624 3.6928 -2.5089 -0.4141 -0.2786
4 14 5.0886 3.7034 -2.5056 -0.7362 -0.5012
4 15 5.1398 3.7141 -2.4953 -0.5269 -0.7961
4 16 5.2168 3.7409 -2.4836 0.2845 0.9322
4 17 5.1541 3.6709 -2.4758 0.6336 0.9645
4 18 5.1046 3.5845 -2.4588 -0.6882 0.6621
4 19 5.0383 3.5662 -2.4714 -0.6994 -0.8718
4 20 5.1258 3.5899 -2.4545 0.5705 0.1606
4 21 5.1173 3.5758 -2.4519 -0.7629 -0.8649
4 22 5.2051 3.5981 -2.4336 -0.5604 -0.5354
4 23 5.2562 3.6183 -2.4252 -0.1842 -0.8022
4 24 5.3226 3.6637 -2.4207 0.4284 0.9829
4 25 5.2676 3.5804 -2.4088 -0.6467 -0.9354
5 1 -3.8157 4.0859 0.6729 -0.6225 -0.7414
5 2 -3.8886 4.0626 0.6858 -0.7822 0.0187
5 3 -3.8867 4.0631 0.6854 -0.6962 -0.8336
5 4 -3.9699 4.0390 0.7015 -0.3716 -0.5530
5 5 -4.0197 4.0134 0.7074 -0.7704 -0.5868
5 6 -4.0791 3.9976 0.7200 -0.6347 -0.2505
5 7 -4.1035 3.9889 0.7244 -0.6375 -0.8396
5 8 -4.1849 3.9589 0.7393 -0.5831 0.6014
5 9 -4.1276 3.9822 0.7295 -0.2836 -0.6553
5 10 -4.1837 3.9474 0.7349 -0.4058 -0.7860
5 11 -4.2540 3.9098 0.7441 -0.7167 -0.0964
5 12 -4.2635 3.9067 0.7460 -0.5147 -0.5446
5 13 -4.3139 3.8829 0.7539 -0.3666 -0.6982
5 14 -4.3748 3.8471 0.7612 -0.6105 -0.8300
5 15 -4.4534 3.8134 0.7754 -0.4261 -0.4045
6 1 4.5225 4.1191 0.6987 -0.7811 -0.8623
6 2 4.4348 4.0970 0.7174 0.5928 0.8294
6 3 4.4752 4.1722 0.7312 0.7550 0.0005
6 4 4.4752 4.1722 0.7312 0.6417 -0.2100
6 5 4.4656 4.1528 0.7274 0.5385 0.2762
6 6 4.4796 4.1774 0.7316 -0.7066 -0.8044
6 7 4.4002 4.1509 0.7474 -0.5228 -0.7136
6 8 4.3341 4.1199 0.7579 0.3592 0.9377
6 9 4.3865 4.1989 0.7676 -0.2641 0.1082
6 10 4.3955 4.2051 0.7668 -0.4675 -0.7019
6 11 4.3324 4.1715 0.7761 -0.5688 -0.6474
6 12 4.2723 4.1432 0.7864 0.3449 0.7407
6 13 4.3125 4.2063 0.7937 0.0475 -0.7183
6 14 4.2637 4.1535 0.7927 -0.1436 -0.7514
6 15 4.2062 4.1050 0.7959 -0.1525 0.0865
6 16 4.2128 4.1105 0.7955 0.2202 0.7300
6 17 4.2562 4.1697 0.8003 0.7702 -0.3853
6 18 4.2435 4.1313 0.7921 0.7559 0.8291
6 19 4.2711 4.2136 0.8095 -0.1747 0.9604
6 20 4.3451 4.2752 0.8044 -0.4453 -0.8614
6 21 4.2699 4.2302 0.8153 0.4444 -0.6081
6 22 4.2409 4.1756 0.8077 0.1204 -0.2839
6 23 4.2229 4.1536 0.8066 -0.4414 0.4528
6 24 4.2625 4.1771 0.8009 0.1613 0.4816
6 25 4.2923 4.2151 0.8033 -0.5868 -0.1885
6 26 4.2748 4.2066 0.8064 -0.2627 0.1977
6 27 4.2908 4.2185 0.8049 -0.5715 0.6066
6 28 4.3467 4.2461 0.7951 0.5359 0.1462
6 29 4.3532 4.2595 0.7973 0.1132 0.8439
6 30 4.4075 4.3243 0.8003 0.3831 -0.0052
6 31 4.4072 4.3238 0.8002 -0.5828 -0.8375
6 32 4.3301 4.2857 0.8139 -0.0409 0.8837
6 33 4.3925 4.3482 0.8127 -0.3627 0.3738
6 34 4.4240 4.3691 0.8088 -0.0289 0.9649
6 35 4.4920 4.4376 0.8080 0.2394 0.3848
6 36 4.5142 4.4693 0.8107 0.2092 0.3729
6 37 4.5361 4.4997 0.8130 -0.3881 -0.5448
6 38 4.4898 4.4695 0.8191 0.4087 0.8329
6 39 4.5301 4.5438 0.8288 0.5520 0.5590
6 40 4.5528 4.5964 0.8374 0.4498 -0.7414
6 41 4.5190 4.5290 0.8280 0.4567 -0.0163
6 42 4.5183 4.5275 0.8278 -0.7594 0.7047
6 43 4.5870 4.5543 0.8129 0.2449 0.3150
6 44 4.6049 4.5804 0.8152 0.1661 0.7129
6 45 4.6480 4.6375 0.8187 0.4148 0.3787
6 46 4.6663 4.6713 0.8232 -0.1143 0.2348
6 47 4.6835 4.6873 0.8224 -0.4093 -0.8708
6 48 4.6095 4.6391 0.8326 -0.2377 -0.9109
6 49 4.5386 4.5811 0.8390 0.6648 -0.5235
6 50 4.5203 4.5301 0.8293 0.3616 0.5313
6 51 4.5468 4.5768 0.8348 -0.5746 -0.7986
6 52 4.4748 4.5376 0.8476 0.6259 0.3615
6 53 4.4875 4.5727 0.8539 0.5837 0.0764
6 54 4.4903 4.5800 0.8552 -0.2481 0.8349
6 55 4.5548 4.6338 0.8491 -0.5222 -0.4377
6 56 4.5163 4.6109 0.8555 -0.2344 0.9687
6 57 4.5906 4.6738 0.8488 -0.7247 -0.0397
6 58 4.5868 4.6721 0.8496 0.2888 0.3433
6 59 4.6046 4.7018 0.8525 -0.5891 -0.2985
6 60 4.5777 4.6870 0.8574 -0.4951 -0.5245
6 61 4.5324 4.6585 0.8647 0.6402 0.0234
6 62 4.5332 4.6608 0.8652 -0.0830 0.7636
6 63 4.5859 4.7161 0.8632 0.2522 0.4859
6 64 4.6113 4.7578 0.8668 0.0935 0.2536
6 65 4.6265 4.7782 0.8675 -0.7730 -0.4611
6 66 4.5823 4.7586 0.8775 0.3874 0.8204
6 67 4.6185 4.8334 0.8866 0.7188 -0.6993
6 68 4.5993 4.7631 0.8726 0.5065 0.0711
6 69 4.6021 4.7698 0.8736 -0.5219 0.1943
6 70 4.6190 4.7804 0.8707 0.4226 -0.4094
6 71 4.6011 4.7428 0.8658 0.6723 -0.5101
6 72 4.5849 4.6925 0.8563 0.4708 -0.1436
6 73 4.5788 4.6792 0.8544 0.2991 -0.1772
6 74 4.5698 4.6638 0.8528 0.7716 0.1008
6 75 4.5725 4.6740 0.8550 0.7283 -0.3781
6 76 4.5612 4.6362 0.8473 0.7517 -0.6972
6 77 4.5406 4.5663 0.8328 0.2987 0.9518
6 78 4.5905 4.6482 0.8410 0.6806 -0.1982
6 79 4.5839 4.6287 0.8373 0.4088 0.3213
6 80 4.5990 4.6576 0.8410 0.2650 0.5031
6 81 4.6259 4.7005 0.8450 0.1120 0.8206
6 82 4.6757 4.7659 0.8478 -0.6883 0.2397
6 83 4.6983 4.7764 0.8432 -0.7699 -0.5877
6 84 4.6414 4.7527 0.8557 -0.3789 0.0531
6 85 4.6458 4.7559 0.8552 -0.3196 -0.7109
6 86 4.5891 4.7119 0.8618 0.3407 0.3590
6 87 4.6064 4.7438 0.8653 -0.1285 0.1135
6 88 4.6144 4.7518 0.8649 0.7228 -0.7883
6 89 4.5912 4.6730 0.8490 0.7222 0.1969
6 90 4.5971 4.6926 0.8530 0.7497 -0.3020
6 91 4.5885 4.6623 0.8467 -0.1483 0.9007
6 92 4.6546 4.7237 0.8426 0.7445 -0.6358
6 93 4.6353 4.6601 0.8295 0.7323 -0.1711
6 94 4.6299 4.6431 0.8260 0.0263 -0.0923
6 95 4.6237 4.6362 0.8259 0.2199 0.0129
6 96 4.6245 4.6373 0.8260 -0.4819 -0.4300
6 97 4.5868 4.6148 0.8319 0.7777 -0.7974
6 98 4.5630 4.5347 0.8146 -0.6764 -0.6914
6 99 4.4975 4.5054 0.8276 -0.6959 -0.7929
6 100 4.4224 4.4715 0.8430 0.1268 0.5889
6 101 4.4578 4.5187 0.8453 -0.7199 -0.6510
6 102 4.3960 4.4907 0.8583 -0.6304 -0.4533
6 103 4.3547 4.4687 0.8663 -0.6004 -0.7404
6 104 4.2883 4.4312 0.8787 -0.7663 -0.5246
6 105 4.2384 4.4082 0.8898 -0.4382 0.2884
6 106 4.2622 4.4253 0.8863 0.7775 -0.3210
6 107 4.2546 4.3925 0.8793 0.4348 0.6962
6 108 4.2836 4.4570 0.8879 0.2663 0.3498
6 109 4.3009 4.4877 0.8907 0.2767 0.2290
6 110 4.3121 4.5079 0.8925 0.0692 0.7295
6 111 4.3552 4.5668 0.8941 0.4774 -0.0405
6 112 4.3536 4.5630 0.8935 -0.4115 -0.9943
6 113 4.2732 4.5021 0.9052 0.0352 0.4706
6 114 4.3013 4.5398 0.9057 -0.4838 0.2936
6 115 4.3258 4.5570 0.9017 -0.5295 -0.6774
6 116 4.2682 4.5185 0.9118 -0.3029 -0.7332
6 117 4.2129 4.4694 0.9183 0.7605 0.7588
6 118 4.2283 4.5473 0.9343 -0.6864 -0.5480
6 119 4.1793 4.5184 0.9448 0.4936 0.5614
6 120 4.1976 4.5727 0.9526 -0.5013 -0.3662
6 121 4.1679 4.5500 0.9578 -0.3898 -0.9232
6 122 4.0978 4.4881 0.9681 -0.5248 -0.8753
6 123 4.0270 4.4332 0.9810 -0.4637 -0.3278
6 124 4.0015 4.4117 0.9853 0.4394 0.7341
6 125 4.0245 4.4826 0.9945 -0.7418 -0.2177
6 126 4.0053 4.4706 0.9989 -0.6132 -0.8728
6 127 3.9332 4.4168 1.0139 -0.0227 0.2274
6 128 3.9455 4.4359 1.0137 -0.6055 -0.2449
6 129 3.9255 4.4205 1.0179 0.7527 -0.3325
6 130 3.9216 4.3860 1.0109 -0.1077 -0.9480
6 131 3.8657 4.3092 1.0140 0.3083 -0.7837
6 132 3.8373 4.2355 1.0070 0.4801 0.6117
6 133 3.8539 4.2956 1.0153 0.5040 0.5617
6 134 3.8680 4.3512 1.0233 -0.1254 -0.7814
6 135 3.8220 4.2879 1.0263 -0.7597 -0.8996
6 136 3.7436 4.2357 1.0453 -0.6648 -0.8532
6 137 3.6737 4.1816 1.0611 0.0033 -0.1532
6 138 3.6663 4.1682 1.0610 -0.7681 -0.5710
6 139 3.6174 4.1338 1.0732 0.5776 0.6497
6 140 3.6272 4.1998 1.0837 -0.7747 -0.1928
6 141 3.6108 4.1879 1.0879 -0.4475 -0.8392
6 142 3.5527 4.1254 1.0985 -0.7389 -0.6225
6 143 3.5016 4.0852 1.1113 -0.6523 -0.9773
6 144 3.4265 4.0175 1.1291 -0.2654 -0.5140
6 145 3.3970 3.9750 1.1331 -0.3796 -0.1625
6 146 3.3868 3.9621 1.1349 -0.5128 0.7652
6 147 3.4401 4.0193 1.1238 -0.0563 -0.8002
6 148 3.4029 3.9485 1.1252 0.4744 -0.8504
6 149 3.3887 3.8630 1.1138 -0.5490 -0.2302
6 150 3.3720 3.8463 1.1173 -0.3531 -0.7763
6 151 3.3234 3.7846 1.1252 -0.3290 -0.3010
6 152 3.3051 3.7604 1.1281 -0.3008 -0.8233
6 153 3.2564 3.6932 1.1353 0.7206 0.3696
6 154 3.2566 3.7317 1.1427 -0.1536 -0.5031
6 155 3.2312 3.6881 1.1451 -0.4095 0.8468
6 156 3.2853 3.7549 1.1352 -0.6124 0.2189
6 157 3.3015 3.7705 1.1314 0.3366 0.9838
6 158 3.3238 3.8674 1.1410 0.2374 0.9183
6 159 3.3490 3.9562 1.1474 -0.3031 -0.2461
6 160 3.3347 3.9359 1.1496 0.5402 0.2974
6 161 3.3376 3.9662 1.1541 -0.1788 -0.6253
6 162 3.3059 3.9121 1.1575 -0.6151 -0.7697
6 163 3.2505 3.8553 1.1707 -0.2362 -0.7867
6 164 3.2093 3.7878 1.1762 0.4299 0.7927
6 165 3.2196 3.8676 1.1859 -0.5283 -0.7611
6 166 3.1696 3.8079 1.1972 -0.7134 0.0329
6 167 3.1721 3.8103 1.1965 -0.5533 -0.4855
6 168 3.1399 3.7723 1.2041 -0.7710 -0.5014
6 169 3.1016 3.7363 1.2148 0.0594 -0.5871
6 170 3.0833 3.6805 1.2137 -0.5275 -0.8806
6 171 3.0276 3.6097 1.2268 -0.6923 -0.1997
6 172 3.0134 3.5946 1.2306 -0.3605 -0.7154
6 173 2.9750 3.5332 1.2380 -0.3182 -0.8327
6 174 2.9328 3.4606 1.2457 -0.5831 -0.9610
6 175 2.8718 3.3828 1.2614 -0.4606 0.2844
6 176 2.8879 3.4069 1.2577 -0.7161 -0.5321
6 177 2.8509 3.3656 1.2683 -0.3473 -0.8666
6 178 2.8079 3.2893 1.2770 -0.7065 -0.7271
6 179 2.7589 3.2317 1.2913 0.5909 0.4166
6 180 2.7556 3.2744 1.2981 -0.6196 0.3241
6 181 2.7757 3.3012 1.2925 -0.6620 -0.5383
6 182 2.7413 3.2573 1.3025 -0.5866 -0.9137
6 183 2.6874 3.1804 1.3175 -0.5232 -0.9850
6 184 2.6338 3.0950 1.3319 0.7501 0.1708
6 185 2.6301 3.1125 1.3355 -0.5382 -0.9683
6 186 2.5782 3.0280 1.3501 -0.2690 -0.9769
6 187 2.5412 2.9369 1.3578 -0.7349 -0.7733
6 188 2.4930 2.8721 1.3736 -0.2209 -0.2594
6 189 2.4844 2.8475 1.3753 -0.2500 0.2449
6 190 2.4930 2.8707 1.3735 -0.7503 -0.8878
6 191 2.4382 2.7957 1.3921 -0.5992 -0.4756
6 192 2.4134 2.7535 1.4000 -0.1623 -0.5591
6 193 2.3982 2.6995 1.4028 -0.7487 -0.1828
6 194 2.3873 2.6839 1.4066 -0.6463 -0.3197
6 195 2.3701 2.6556 1.4123 -0.6579 0.4719
6 196 2.3958 2.6972 1.4037 -0.7821 -0.1228
6 197 2.3882 2.6867 1.4063 -0.4442 0.5780
6 198 2.4131 2.7400 1.3990 -0.1976 -0.9354
6 199 2.3858 2.6501 1.4046 -0.6126 0.0717
6 200 2.3895 2.6565 1.4033 -0.1556 -0.3780
6 201 2.3795 2.6200 1.4051 -0.6563 -0.8853
6 202 2.3319 2.5417 1.4213 -0.0054 -0.9952
6 203 2.3167 2.4433 1.4215 -0.4192 -0.0557
6 204 2.3145 2.4382 1.4221 -0.2866 -0.7743
6 205 2.2895 2.3642 1.4286 -0.3402 -0.8973
6 206 2.2586 2.2790 1.4374 -0.5775 -0.9720
6 207 2.2133 2.1900 1.4531 -0.7345 -0.7437
6 208 2.1731 2.1236 1.4683 -0.6172 0.0584
6 209 2.1758 2.1290 1.4673 -0.5662 -0.9724
6 210 2.1338 2.0384 1.4827 -0.5832 -0.9972
6 211 2.0913 1.9451 1.4990 0.4663 0.9320
6 212 2.0709 2.0378 1.5113 -0.3616 -0.8398
6 213 2.0475 1.9562 1.5201 -0.5213 -0.9071
6 214 2.0151 1.8692 1.5334 -0.6264 -0.4724
6 215 1.9958 1.8244 1.5416 -0.1602 -0.8947
6 216 1.9841 1.7355 1.5459 -0.1295 -0.6333
6 217 1.9773 1.6724 1.5484 -0.7150 -0.5607
6 218 1.9524 1.6196 1.5596 -0.6093 -0.6463
6 219 1.9284 1.5575 1.5706 0.1735 -0.7697
6 220 1.9369 1.4807 1.5665 -0.2010 -0.8251
6 221 1.9261 1.3986 1.5715 -0.7182 -0.8565
6 222 1.8901 1.3170 1.5886 -0.7695 -0.8175
6 223 1.8546 1.2390 1.6061 -0.5091 -0.9125
6 224 1.8302 1.1491 1.6192 -0.6839 0.0405
6 225 1.8316 1.1530 1.6184 -0.3588 -0.8447
6 226 1.8172 1.0688 1.6271 0.0473 -0.6412
6 227 1.8228 1.0049 1.6262 -0.5565 0.2585
6 228 1.8302 1.0304 1.6221 -0.7649 -0.0455
6 229 1.8283 1.0260 1.6231 -0.4953 -0.4308
6 230 1.8177 0.9833 1.6291 -0.5661 -0.2855
6 231 1.8097 0.9551 1.6337 0.3026 -0.0929
6 232 1.8120 0.9461 1.6328 -0.2760 -0.0777
6 233 1.8111 0.9383 1.6335 -0.1150 -0.2476
6 234 1.8108 0.9135 1.6343 -0.7280 0.2996
6 235 1.8221 0.9426 1.6283 -0.3694 -0.3686
6 236 1.8159 0.9058 1.6322 0.2917 -0.7450
6 237 1.8338 0.8329 1.6258 -0.6765 0.4653
6 238 1.8503 0.8783 1.6171 -0.0100 -0.7807
7 1 -3.0870 4.5993 -3.0062 -0.6624 -0.1867
7 2 -3.0683 4.5945 -3.0028 -0.6121 -0.1121
7 3 -3.0570 4.5919 -3.0008 -0.1434 -0.9714
7 4 -2.9598 4.5967 -2.9966 -0.4726 -0.1878
7 5 -2.9408 4.5940 -2.9941 -0.6735 -0.8779
7 6 -2.8525 4.5721 -2.9777 -0.7611 -0.4862
7 7 -2.8036 4.5580 -2.9674 -0.3673 -0.4589
7 8 -2.7572 4.5557 -2.9625 0.0517 0.5586
7 9 -2.8118 4.5438 -2.9616 0.1129 -0.9290
7 10 -2.7217 4.5671 -2.9648 -0.3422 -0.4859
7 11 -2.6727 4.5655 -2.9600 -0.2540 -0.8653
7 12 -2.5856 4.5676 -2.9536 -0.3635 -0.7576
7 13 -2.5090 4.5651 -2.9456 -0.6272 -0.7422
7 14 -2.4335 4.5521 -2.9326 0.3427 0.1907
7 15 -2.4511 4.5442 -2.9308 -0.2594 -0.8581
7 16 -2.3649 4.5486 -2.9242 -0.4292 -0.8475
7 17 -2.2789 4.5452 -2.9139 -0.7634 -0.1368
7 18 -2.2649 4.5421 -2.9110 -0.7773 -0.0300
7 19 -2.2618 4.5414 -2.9103 -0.5106 -0.2014
7 20 -2.2413 4.5398 -2.9074 -0.1753 -0.1058
7 21 -2.2307 4.5411 -2.9069 -0.3736 -0.8592
7 22 -2.1438 4.5419 -2.8976 -0.4276 -0.8381
7 23 -2.0587 4.5410 -2.8874 -0.1474 -0.6014
7 24 -1.9992 4.5505 -2.8848 0.0401 -0.0887
7 25 -1.9906 4.5530 -2.8849 -0.6030 0.1010
7 26 -2.0010 4.5541 -2.8866 -0.6004 0.0011
7 27 -2.0011 4.5541 -2.8866 -0.7228 -0.4100
7 28 -1.9590 4.5470 -2.8783 -0.6067 -0.3245
7 29 -1.9257 4.5438 -2.8729 -0.7273 -0.4481
7 30 -1.8795 4.5365 -2.8638 -0.5028 -0.9998
7 31 -1.7774 4.5346 -2.8496 -0.6120 -0.9552
7 32 -1.6792 4.5283 -2.8333 -0.3962 -0.8623
7 33 -1.5920 4.5345 -2.8235 -0.3526 -0.5525
7 34 -1.5364 4.5402 -2.8179 -0.2352 -0.3288
7 35 -1.5039 4.5460 -2.8156 -0.7236 0.1513
7 36 -1.5196 4.5476 -2.8187 -0.7796 0.4353
7 37 -1.5648 4.5541 -2.8281 -0.7514 -0.7357
7 38 -1.4884 4.5447 -2.8127 -0.1882 -0.9358
7 39 -1.3966 4.5643 -2.8075 0.1134 -0.9423
7 40 -1.3100 4.6016 -2.8107 0.0864 -0.9402
7 41 -1.2228 4.6371 -2.8132 -0.7835 -0.6880
7 42 -1.1512 4.6280 -2.7983 -0.6869 -0.4249
7 43 -1.1071 4.6254 -2.7901 -0.7092 0.4422
7 44 -1.1530 4.6287 -2.7989 -0.7804 0.1487
7 45 -1.1685 4.6306 -2.8021 -0.7461 -0.9965
7 46 -1.0648 4.6211 -2.7814 -0.4023 -0.4334
7 47 -1.0212 4.6262 -2.7764 -0.6889 -0.5023
7 48 -0.9691 4.6242 -2.7668 -0.1854 -0.2949
7 49 -0.9404 4.6317 -2.7652 -0.6772 -0.7209
7 50 -0.8657 4.6304 -2.7516 -0.6894 -0.8042
7 51 -0.7822 4.6295 -2.7362 -0.7536 -0.2711
7 52 -0.7538 4.6285 -2.7305 -0.4155 -0.3287
7 53 -0.7209 4.6338 -2.7266 -0.7030 -0.8355
7 54 -0.6340 4.6344 -2.7103 -0.7547 0.0610
7 55 -0.6404 4.6345 -2.7115 -0.0218 -0.7457
7 56 -0.5721 4.6646 -2.7110 -0.7175 -0.9850
7 57 -0.4695 4.6662 -2.6914 -0.4429 -0.6201
7 58 -0.4075 4.6778 -2.6836 -0.5401 -0.0463
7 59 -0.4028 4.6785 -2.6829 -0.7833 0.3112
7 60 -0.4355 4.6787 -2.6896 -0.2993 -0.6753
7 61 -0.3699 4.6967 -2.6838 -0.4205 -0.7361
7 62 -0.2967 4.7120 -2.6749 -0.5722 -0.6620
7 63 -0.2293 4.7208 -2.6643 -0.2141 0.6125
7 64 -0.2873 4.7004 -2.6682 -0.5373 0.0201
7 65 -0.2893 4.7001 -2.6685 -0.6704 -0.6974
7 66 -0.2173 4.7060 -2.6555 -0.7034 -0.7383
7 67 -0.1407 4.7119 -2.6411 -0.0585 -0.5420
7 68 -0.0922 4.7361 -2.6401 -0.3484 -0.6714
7 69 -0.0271 4.7554 -2.6333 -0.6554 -0.3828
7 70 0.0122 4.7603 -2.6264 -0.6409 0.3174
7 71 -0.0203 4.7560 -2.6320 -0.5774 -0.2402
7 72 0.0040 4.7601 -2.6281 -0.2197 -0.6770
7 73 0.0673 4.7850 -2.6237 -0.5026 -0.8240
7 74 0.1494 4.8035 -2.6121 -0.4914 0.9249
7 75 0.0574 4.7823 -2.6249 0.1612 -0.9863
7 76 0.1380 4.8396 -2.6297 -0.4596 -0.9262
7 77 0.2296 4.8620 -2.6176 -0.7028 -0.4977
7 78 0.2810 4.8678 -2.6079 -0.7509 -0.8606
7 79 0.3706 4.8767 -2.5899 -0.2373 -0.1619
7 80 0.3855 4.8831 -2.5888 -0.7241 -0.5292
7 81 0.4402 4.8902 -2.5781 -0.3884 -0.7876
7 82 0.5157 4.9160 -2.5694 -0.5419 -0.0440
7 83 0.5201 4.9171 -2.5687 -0.1284 -0.1482
7 84 0.5332 4.9241 -2.5681 -0.4458 -0.8502
7 85 0.6156 4.9503 -2.5574 -0.4394 -0.4582
7 86 0.6598 4.9650 -2.5516 -0.4744 -0.7137
7 87 0.7292 4.9870 -2.5421 -0.4883 -0.5921
7 88 0.7867 5.0054 -2.5339 -0.5197 -0.7069
7 89 0.8557 5.0267 -2.5236 -0.7192 -0.5194
7 90 0.9088 5.0374 -2.5132 -0.5199 -0.4741
7 91 0.9548 5.0526 -2.5062 -0.6866 -0.1763
7 92 0.9727 5.0568 -2.5029 -0.3321 -0.6439
7 93 1.0316 5.0842 -2.4967 -0.4582 -0.1832
7 94 1.0490 5.0909 -2.4943 -0.4885 -0.6466
7 95 1.1108 5.1140 -2.4854 -0.6449 -0.2361
7 96 1.1343 5.1206 -2.4812 -0.3979 -0.6129
7 97 1.1910 5.1460 -2.4742 -0.6910 -0.6455
7 98 1.2558 5.1635 -2.4618 -0.3813 -0.8449
7 99 1.3328 5.2007 -2.4525 0.2585 0.0135
7 100 1.3319 5.1997 -2.4524 0.0674 0.4427
7 101 1.2991 5.1700 -2.4515 0.3475 0.9339
7 102 1.2411 5.0955 -2.4421 -0.2051 -0.0619
7 103 1.2463 5.0989 -2.4418 -0.3548 0.2914
7 104 1.2202 5.0853 -2.4447 -0.3022 -0.7731
7 105 1.2882 5.1234 -2.4379 -0.3471 -0.8552
7 106 1.3643 5.1643 -2.4294 -0.5994 -0.3769
7 107 1.4006 5.1779 -2.4231 -0.2678 -0.4357
7 108 1.4380 5.2009 -2.4196 0.1947 0.7079
7 109 1.3911 5.1476 -2.4155 -0.7508 -0.2855
7 110 1.4197 5.1560 -2.4096 -0.5262 -0.7971
7 111 1.4941 5.1894 -2.3978 -0.5135 -0.9063
7 112 1.5779 5.2290 -2.3847 -0.6174 -0.8885
7 113 1.6624 5.2644 -2.3694 -0.7637 -0.3928
7 114 1.7013 5.2776 -2.3610 -0.0017 -0.9000
7 115 1.7653 5.3408 -2.3610 -0.3707 0.0631
7 116 1.7599 5.3375 -2.3616 -0.1116 -0.7343
7 117 1.8158 5.3853 -2.3591 -0.7309 -0.6366
7 118 1.8780 5.4085 -2.3462 -0.7521 -0.6211
7 119 1.9388 5.4312 -2.3332 -0.4044 -0.8702
8 1 2.4153 3.4668 -1.4424 -0.2851 -0.8486
8 2 2.4194 3.5522 -1.4354 -0.5336 0.9514
8 3 2.4008 3.4566 -1.4496 -0.0930 -0.3942
8 4 2.3984 3.4960 -1.4485 -0.7167 -0.5715
8 5 2.4157 3.5529 -1.4371 -0.5110 -0.7483
8 6 2.4286 3.6283 -1.4263 -0.1452 -0.6721
8 7 2.4251 3.6956 -1.4234 -0.6356 -0.2057
8 8 2.4299 3.7163 -1.4197 -0.5160 -0.9653
8 9 2.4449 3.8138 -1.4057 -0.1535 -0.2034
8 10 2.4436 3.8342 -1.4048 -0.7284 -0.8446
8 11 2.4659 3.9194 -1.3877 -0.7202 -0.9019
8 12 2.4876 4.0108 -1.3696 0.5252 0.1026
8 13 2.4928 4.0017 -1.3681 -0.6708 -0.6776
8 14 2.5060 4.0707 -1.3555 -0.7026 0.3006
8 15 2.4997 4.0401 -1.3613 -0.2009 -0.3689
8 16 2.4966 4.0770 -1.3591 -0.2269 -0.9311
8 17 2.4900 4.1703 -1.3529 -0.5673 -0.2859
8 18 2.4935 4.1994 -1.3483 -0.7701 -0.8378
8 19 2.5130 4.2851 -1.3304 -0.4832 -0.9560
8 20 2.5174 4.3825 -1.3173 -0.6278 -0.7745
8 21 2.5264 4.4619 -1.3038 0.0882 -0.8362
8 22 2.4997 4.5412 -1.3060 -0.7626 -0.3623
8 23 2.5066 4.5785 -1.2984 -0.7846 0.2659
8 24 2.5012 4.5511 -1.3042 -0.7279 -0.1179
8 25 2.5032 4.5633 -1.3018 -0.0534 -0.5887
8 26 2.4896 4.6206 -1.3008 -0.7701 -0.9808
8 27 2.5074 4.7218 -1.2798 -0.6948 -0.5791
8 28 2.5143 4.7816 -1.2686 -0.0827 0.3266
8 29 2.5222 4.7499 -1.2695 0.3912 0.7610
8 30 2.5623 4.6840 -1.2609 -0.7247 -0.0051
8 31 2.5623 4.6845 -1.2608 -0.7614 -0.7196
8 32 2.5722 4.7592 -1.2456 -0.6999 -0.9179
8 33 2.5799 4.8543 -1.2277 -0.2138 -0.6011
8 34 2.5674 4.9134 -1.2239 -0.6535 0.3662
8 35 2.5657 4.8755 -1.2306 0.4516 0.8181
8 36 2.6140 4.8077 -1.2201 -0.2229 -0.8813
8 37 2.5954 4.8943 -1.2143 0.7315 0.3690
8 38 2.6228 4.8673 -1.2068 -0.4532 -0.1307
8 39 2.6217 4.8805 -1.2051 0.0496 -0.9275
8 40 2.5857 4.9660 -1.2065 0.3910 0.6308
8 41 2.6222 4.9136 -1.1995 0.4541 0.4373
8 42 2.6491 4.8781 -1.1938 -0.5543 0.8919
8 43 2.6526 4.7867 -1.2077 -0.2028 -0.9670
8 44 2.6299 4.8811 -1.2018 0.0385 -0.9656
8 45 2.5928 4.9703 -1.2030 -0.1257 -0.5789
8 46 2.5764 5.0259 -1.2008 -0.4892 -0.5211
8 47 2.5722 5.0789 -1.1936 -0.5523 -0.2799
8 48 2.5708 5.1076 -1.1893 -0.5429 0.2200
8 49 2.5720 5.0850 -1.1926 -0.0293 0.1905
8 50 2.5787 5.0672 -1.1928 -0.6534 -0.0378
8 51 2.5788 5.0711 -1.1921 -0.6147 -0.9309
8 52 2.5768 5.1671 -1.1761 -0.7720 -0.6770
8 53 2.5806 5.2379 -1.1616 0.0961 0.1998
8 54 2.5897 5.2201 -1.1610 -0.7459 -0.9608
9 1 3.9217 3.6417 0.5731 -0.6627 0.1266
9 2 3.9346 3.6440 0.5708 -0.7450 -0.2779
9 3 3.9058 3.6401 0.5765 -0.1686 -0.8435
9 4 3.8304 3.6018 0.5808 -0.4495 -0.4497
9 5 3.7868 3.5878 0.5865 -0.4323 -0.9289
9 6 3.6975 3.5574 0.5979 0.0404 0.1807
9 7 3.7122 3.5679 0.5982 -0.5140 -0.3214
9 8 3.6807 3.5585 0.6028 -0.6330 -0.8791
9 9 3.5924 3.5374 0.6183 0.0172 -0.8082
9 10 3.5270 3.4898 0.6179 -0.5808 -0.4545
9 11 3.4821 3.4771 0.6253 -0.1049 -0.8091
9 12 3.4134 3.4343 0.6279 -0.4790 0.4343
9 13 3.4552 3.4488 0.6220 0.3256 -0.3595
9 14 3.4305 3.4222 0.6186 -0.1482 -0.8209
9 15 3.3592 3.3811 0.6223 -0.7583 0.3077
9 16 3.3910 3.3866 0.6158 -0.7079 0.2565
9 17 3.4172 3.3917 0.6108 -0.6578 -0.9800
9 18 3.3184 3.3686 0.6287 -0.4393 -0.9317
9 19 3.2300 3.3346 0.6403 -0.4515 -0.9883
9 20 3.1363 3.2980 0.6530 0.4323 0.6052
9 21 3.1736 3.3470 0.6604 0.3190 0.8897
9 22 3.2320 3.4152 0.6687 -0.2103 0.4738
9 23 3.2729 3.4393 0.6657 0.1853 0.0170
9 24 3.2741 3.4406 0.6658 -0.0825 -0.3760
9 25 3.2433 3.4189 0.6668 -0.3193 -0.9558
9 26 3.1574 3.3751 0.6756 -0.5703 -0.8352
9 27 3.0766 3.3463 0.6890 -0.7626 -0.1885
9 28 3.0575 3.3416 0.6930 0.7176 0.3750
9 29 3.0744 3.3768 0.7004 -0.6824 -0.9972
9 30 2.9758 3.3457 0.7194 -0.4623 -0.4747
9 31 2.9321 3.3250 0.7256 -0.4889 0.0969
9 32 2.9411 3.3291 0.7243 0.4296 -0.5632
9 33 2.9093 3.2815 0.7174 -0.4521 -0.2568
9 34 2.8857 3.2703 0.7207 0.3948 0.5780
9 35 2.9190 3.3185 0.7272 -0.6801 -0.4870
9 36 2.8712 3.3021 0.7364 -0.5558 -0.4489
9 37 2.8289 3.2839 0.7434 -0.3449 -0.2867
9 38 2.8040 3.2692 0.7463 -0.7817 -0.1484
9 39 2.7890 3.2648 0.7495 -0.7351 -0.5684
9 40 2.7327 3.2461 0.7611 -0.6420 -0.4556
9 41 2.6891 3.2285 0.7692 -0.6807 -0.8086
9 42 2.6109 3.1978 0.7846 -0.6515 -0.6611
9 43 2.5480 3.1710 0.7966 -0.5676 -0.4502
9 44 2.5066 3.1504 0.8037 -0.7352 0.6857
9 45 2.5736 3.1758 0.7897 0.5556 0.0949
9 46 2.5778 3.1845 0.7912 -0.5444 -0.7459
9 47 2.5097 3.1499 0.8026 -0.0857 -0.6469
9 48 2.4621 3.1059 0.8043 -0.6995 -0.2493
9 49 2.4382 3.0960 0.8091 -0.6546 -0.4127
9 50 2.3993 3.0784 0.8167 -0.3942 -0.3308
9 51 2.3712 3.0601 0.8204 -0.6125 -0.0427
9 52 2.3672 3.0582 0.8211 -0.6821 -0.9702
9 53 2.2755 3.0166 0.8395 0.2284 -0.4713
9 54 2.2493 2.9771 0.8363 -0.7307 0.2012
9 55 2.2686 2.9854 0.8323 -0.7479 -0.8357
9 56 2.1881 2.9514 0.8496 -0.6818 -0.6688
9 57 2.1257 2.9211 0.8623 -0.1940 0.1026
9 58 2.1333 2.9280 0.8617 -0.1444 0.1971
9 59 2.1475 2.9417 0.8609 -0.4534 -0.5242
9 60 2.1032 2.9121 0.8676 -0.5842 -0.8663
9 61 2.0261 2.8674 0.8818 -0.7792 0.1206
9 62 2.0377 2.8725 0.8791 -0.5084 -0.7918
9 63 1.9699 2.8283 0.8905 -0.6708 -0.5694
9 64 1.9181 2.8001 0.9011 -0.3664 -0.4450
9 65 1.8830 2.7718 0.9058 -0.6930 -0.6343
9 66 1.8252 2.7402 0.9180 -0.0632 -0.9784
9 67 1.7626 2.6649 0.9199 -0.7650 -0.8751
9 68 1.6812 2.6228 0.9386 -0.7700 -0.6577
9 69 1.6204 2.5903 0.9526 -0.0242 -0.9133
9 70 1.5663 2.5167 0.9533 0.1016 -0.0376
9 71 1.5644 2.5135 0.9532 -0.1571 -0.1233
9 72 1.5562 2.5042 0.9538 -0.3931 -0.3439
9 73 1.5299 2.4814 0.9577 -0.3645 -0.5471
9 74 1.4889 2.4442 0.9634 0.5233 -0.6273
9 75 1.4701 2.3829 0.9542 0.1218 -0.9299
9 76 1.4223 2.3029 0.9507 -0.6837 -0.7028
9 77 1.3602 2.2647 0.9641 -0.5458 -0.1359
9 78 1.3490 2.2564 0.9662 -0.7459 -0.4764
9 79 1.3061 2.2312 0.9760 -0.6154 -0.9307
9 80 1.2278 2.1756 0.9920 0.0286 -0.2080
9 81 1.2168 2.1579 0.9918 -0.3645 -0.7646
9 82 1.1613 2.1040 0.9999 -0.6550 -0.7496
9 83 1.0981 2.0591 1.0135 -0.4605 -0.3572
9 84 1.0711 2.0346 1.0182 -0.5155 -0.4103
9 85 1.0394 2.0073 1.0241 -0.3593 -0.9942
9 86 0.9699 1.9346 1.0344 -0.6700 -0.3808
9 87 0.9382 1.9110 1.0415 -0.3266 -0.0094
9 88 0.9376 1.9103 1.0416 -0.7141 -0.7188
9 89 0.8769 1.8664 1.0559 0.0624 -0.8231
9 90 0.8393 1.7932 1.0543 -0.4060 -0.5325
9 91 0.8021 1.7541 1.0605 -0.2191 -0.7378
9 92 0.7574 1.6950 1.0653 -0.7698 0.0051
9 93 0.7578 1.6953 1.0652 -0.5467 -0.9752
9 94 0.6843 1.6275 1.0801 -0.7213 -0.2322
9 95 0.6652 1.6127 1.0848 -0.0065 -0.2882
9 96 0.6516 1.5873 1.0848 -0.4860 -0.9387
9 97 0.5847 1.5188 1.0977 -0.5474 -0.8191
9 98 0.5248 1.4600 1.1103 -0.0940 -0.4598
9 99 0.5019 1.4201 1.1116 -0.4063 -0.7503
9 100 0.4526 1.3621 1.1203 -0.1530 -0.4492
9 101 0.4291 1.3236 1.1224 -0.6889 0.0626
9 102 0.4341 1.3279 1.1212 -0.5442 -0.3654
9 103 0.4079 1.3011 1.1268 -0.1091 -0.2548
9 104 0.3953 1.2789 1.1276 -0.1270 -0.8087
9 105 0.3548 1.2088 1.1308 -0.7401 -0.7618
9 106 0.2940 1.1575 1.1464 0.1720 -0.8244
9 107 0.2683 1.0789 1.1422 -0.7558 -0.1111
9 108 0.2594 1.0714 1.1445 0.0088 -0.9943
10 1 -9.2953 5.4589 -2.5394 -0.7735 -0.8227
10 2 -9.2101 5.4721 -2.5217 -0.3411 0.0151
10 3 -9.2115 5.4715 -2.5218 -0.3791 -0.9710
10 4 -9.1206 5.5091 -2.5113 -0.4532 -0.7077
10 5 -9.0532 5.5344 -2.5022 -0.4955 -0.1766
10 6 -9.0362 5.5405 -2.4997 -0.6839 -0.9197
10 7 -8.9436 5.5637 -2.4822 -0.5086 0.0981
10 8 -8.9530 5.5602 -2.4836 -0.5744 0.6559
10 9 -9.0172 5.5397 -2.4941 -0.7297 -0.7596
10 10 -8.9400 5.5573 -2.4787 -0.4165 -0.3992
10 11 -8.9028 5.5735 -2.4740 -0.6967 -0.8370
10 12 -8.8188 5.5961 -2.4578 -0.7260 0.3965
10 13 -8.8589 5.5859 -2.4658 -0.6680 -0.9296
11 1 3.3623 3.9093 2.4446 -0.6289 -0.5376
11 2 3.3891 3.8607 2.4540 -0.5060 -0.1470
11 3 3.3974 3.8481 2.4561 0.0754 0.9154
11 4 3.3236 3.9024 2.4582 0.5825 0.7455
11 5 3.2511 3.9272 2.4704 -0.3194 -0.8888
11 6 3.3092 3.8589 2.4786 0.1164 0.7287
11 7 3.2484 3.8992 2.4812 -0.5763 -0.7125
11 8 3.2880 3.8376 2.4927 0.6027 0.7131
11 9 3.2175 3.8582 2.5047 -0.3402 -0.9521
11 10 3.2815 3.7864 2.5140 0.3012 0.5003
11 11 3.2358 3.8077 2.5184 0.7802 -0.0097
11 12 3.2368 3.8076 2.5182 0.2396 0.7886
11 13 3.1660 3.8434 2.5238 -0.2219 -0.9421
11 14 3.2349 3.7785 2.5300 -0.7539 -0.4831
11 15 3.2600 3.7346 2.5401 0.4912 -0.9409
11 16 3.3514 3.7051 2.5271 0.5663 0.6965
11 17 3.2825 3.7242 2.5381 0.3216 0.2776
11 18 3.2567 3.7352 2.5407 0.2414 0.6886
11 19 3.1942 3.7650 2.5456 -0.6947 -0.9047
11 20 3.2451 3.6860 2.5631 0.5762 0.7575
11 21 3.1693 3.7036 2.5753 0.3110 0.7282
11 22 3.1008 3.7301 2.5819 -0.7798 -0.8060
11 23 3.1457 3.6584 2.5994 -0.7254 -0.7836
11 24 3.1923 3.5914 2.6152 -0.2150 -0.4917
11 25 3.2313 3.5610 2.6183 0.0631 0.7893
11 26 3.1612 3.5975 2.6199 -0.5850 0.6550
11 27 3.1181 3.6492 2.6092 0.3795 -0.3996
11 28 3.1568 3.6372 2.6048 -0.0893 -0.9635
11 29 3.2367 3.5832 2.6075 -0.1630 -0.6116
11 30 3.2859 3.5467 2.6105 -0.4725 -0.9166
11 31 3.3502 3.4790 2.6227 -0.6539 -0.8164
11 32 3.4028 3.4128 2.6376 0.3703 0.5840
11 33 3.3459 3.4288 2.6438 -0.4913 0.7517
11 34 3.2924 3.4838 2.6334 0.3928 0.6986
11 35 3.2241 3.5022 2.6412 -0.3225 -0.5829
11 36 3.2691 3.4644 2.6467 -0.4481 0.7115
11 37 3.2173 3.5148 2.6376 0.2470 0.4322
11 38 3.1764 3.5296 2.6408 0.0515 0.3424
11 39 3.1458 3.5450 2.6413 -0.3972 -0.6270
11 40 3.1927 3.5021 2.6484 0.4744 0.6918
11 41 3.1236 3.5162 2.6577 0.6570 0.3858
11 42 3.0839 3.5198 2.6648 -0.0452 -0.6830
11 43 3.1436 3.4867 2.6658 -0.5114 -0.9652
11 44 3.2140 3.4175 2.6797 0.6174 0.4909
11 45 3.1635 3.4221 2.6881 -0.7848 -0.6591
11 46 3.2060 3.3675 2.7025 -0.4621 0.0922
11 47 3.1990 3.3737 2.7013 -0.7645 -0.5022
11 48 3.2322 3.3329 2.7120 -0.4693 -0.3944
11 49 3.2627 3.3067 2.7172 -0.6818 -0.1723
11 50 3.2748 3.2936 2.7205 0.2450 0.3900
11 51 3.2369 3.3038 2.7233 0.3183 0.4640
11 52 3.1912 3.3139 2.7276 -0.3838 0.4895
11 53 3.1518 3.3440 2.7222 -0.7185 -0.8972
11 54 3.2145 3.2747 2.7401 -0.6265 -0.7925
11 55 3.2734 3.2180 2.7539 -0.2798 -0.7633
12 1 7.7541 5.3107 -1.6500 -0.1011 0.5981
12 2 7.7453 5.2514 -1.6518 -0.6303 -0.9452
12 3 7.7875 5.3394 -1.6352 -0.5377 -0.8652
12 4 7.8204 5.4217 -1.6221 -0.1236 0.6612
12 5 7.8116 5.3561 -1.6246 0.3713 -0.2510
12 6 7.8072 5.3811 -1.6273 -0.7376 -0.7727
12 7 7.8448 5.4525 -1.6115 -0.3546 0.8909
12 8 7.8213 5.3655 -1.6206 0.5496 -0.0974
12 9 7.8185 5.3751 -1.6221 -0.7031 -0.6955
12 10 7.8507 5.4399 -1.6085 0.3320 0.3043
12 11 7.8559 5.4096 -1.6055 0.1926 -0.3583
12 12 7.8527 5.4454 -1.6076 -0.7365 -0.8127
12 13 7.8907 5.5213 -1.5910 0.2709 0.3116
12 14 7.8954 5.4903 -1.5885 0.1831 0.4611
12 15 7.9001 5.4443 -1.5860 0.2064 -0.3404
12 16 7.8961 5.4782 -1.5881 -0.1953 0.7934
12 17 7.8846 5.3994 -1.5927 0.1113 -0.1680
12 18 7.8838 5.4162 -1.5933 0.7231 -0.8801
12 19 7.8484 5.5009 -1.6109 -0.0339 -0.0264
12 20 7.8485 5.5035 -1.6109 0.2276 -0.5568
13 1 -4.2609 4.3918 -3.0710 -0.5427 -0.9908
13 2 -4.1624 4.3670 -3.0559 -0.5989 -0.6786
13 3 -4.0950 4.3486 -3.0445 -0.2065 -0.6942
13 4 -4.0254 4.3464 -3.0402 -0.7511 -0.8707
13 5 -3.9393 4.3166 -3.0221 -0.6497 0.0108
13 6 -3.9404 4.3169 -3.0223 -0.1235 -0.6151
13 7 -3.8789 4.3193 -3.0199 -0.4361 -0.0835
13 8 -3.8705 4.3181 -3.0189 -0.3147 -0.9148
13 9 -3.7784 4.3117 -3.0106 -0.0628 -0.7751
13 10 -3.7011 4.3187 -3.0090 -0.6469 -0.5955
13 11 -3.6414 4.3037 -2.9983 -0.6409 0.2770
13 12 -3.6692 4.3105 -3.0033 -0.3788 -0.5111
13 13 -3.6177 4.3057 -2.9977 -0.5064 -0.3567
13 14 -3.5817 4.3000 -2.9926 -0.6756 -0.8307
13 15 -3.4981 4.2792 -2.9770 -0.4574 -0.8787
13 16 -3.4092 4.2696 -2.9656 0.0010 -0.8064
13 17 -3.3298 4.2838 -2.9656 -0.4743 -0.7124
13 18 -3.2576 4.2761 -2.9561 -0.4975 -0.9281
13 19 -3.1634 4.2659 -2.9430 -0.6500 -0.0102
13 20 -3.1624 4.2657 -2.9429 -0.2755 -0.9793
13 21 -3.0638 4.2686 -2.9350 -0.2993 -0.6746
13 22 -2.9958 4.2701 -2.9291 -0.1577 -0.8384
13 23 -2.9123 4.2796 -2.9251 -0.3054 -0.8796
13 24 -2.8236 4.2822 -2.9173 -0.7827 -0.5561
13 25 -2.7668 4.2688 -2.9052 -0.5968 -0.2620
13 26 -2.7400 4.2656 -2.9008 0.1408 -0.5662
13 27 -2.6864 4.2841 -2.9032 -0.5071 -0.3454
13 28 -2.6512 4.2818 -2.8983 -0.4760 -0.7926
13 29 -2.5705 4.2787 -2.8876 -0.2836 -0.9422
13 30 -2.4759 4.2862 -2.8798 -0.1533 -0.9362
13 31 -2.3833 4.3016 -2.8755 0.3876 -0.8228
13 32 -2.3101 4.3415 -2.8846 -0.7122 -0.7404
13 33 -2.2340 4.3295 -2.8699 -0.6982 -0.3086
13 34 -2.2022 4.3250 -2.8639 -0.4849 -0.7743
13 35 -2.1232 4.3243 -2.8533 -0.0202 -0.9462
13 36 -2.0322 4.3499 -2.8527 -0.4528 -0.4724
13 37 -1.9841 4.3508 -2.8467 -0.7568 -0.9562
13 38 -1.8851 4.3366 -2.8266 -0.6061 -0.6539
13 39 -1.8177 4.3339 -2.8155 -0.5107 -0.7343
13 40 -1.7427 4.3357 -2.8049 -0.2031 -0.7840
13 41 -1.6657 4.3520 -2.8002 -0.7534 -0.9189
13 42 -1.5701 4.3430 -2.7809 -0.5597 -0.9798
13 43 -1.4696 4.3464 -2.7656 -0.7352 -0.8092
13 44 -1.3852 4.3421 -2.7490 -0.3980 -0.7973
13 45 -1.3053 4.3545 -2.7400 -0.5751 -0.7852
13 46 -1.2248 4.3596 -2.7273 -0.4272 -0.6690
13 47 -1.1577 4.3703 -2.7192 -0.6111 -0.4261
13 48 -1.1139 4.3731 -2.7119 -0.7170 -0.2897
13 49 -1.0837 4.3733 -2.7061 -0.6037 -0.9335
13 50 -0.9879 4.3814 -2.6904 -0.7756 -0.7877
13 51 -0.9053 4.3815 -2.6734 -0.7637 -0.0181
13 52 -0.9034 4.3815 -2.6730 -0.6282 -0.4993
13 53 -0.8521 4.3867 -2.6643 -0.4302 -0.7980
13 54 -0.7730 4.4044 -2.6545 -0.6302 -0.0631
13 55 -0.7666 4.4051 -2.6534 -0.3939 -0.5145
13 56 -0.7160 4.4180 -2.6476 -0.6915 -0.2648
13 57 -0.6886 4.4204 -2.6425 -0.6067 0.5441
13 58 -0.7442 4.4129 -2.6517 -0.4146 0.5698
13 59 -0.8005 4.3996 -2.6585 -0.0570 -0.6858
13 60 -0.7385 4.4291 -2.6573 -0.5286 -0.0606
13 61 -0.7324 4.4302 -2.6564 -0.5347 -0.7165
13 62 -0.6601 4.4426 -2.6456 -0.6778 0.0783
13 63 -0.6682 4.4418 -2.6471 -0.6314 -0.8929
13 64 -0.5767 4.4535 -2.6313 -0.7458 0.4260
13 65 -0.6212 4.4506 -2.6402 -0.5873 -0.6526
13 66 -0.5549 4.4610 -2.6295 -0.1239 -0.4157
13 67 -0.5170 4.4785 -2.6279 -0.4459 -0.5448
13 68 -0.4633 4.4920 -2.6210 -0.5475 -0.9721
13 69 -0.3657 4.5118 -2.6061 -0.5055 -0.0026
13 70 -0.3654 4.5118 -2.6060 -0.6644 -0.9836
13 71 -0.2647 4.5271 -2.5878 -0.0119 -0.9598
13 72 -0.1826 4.5769 -2.5875 0.1962 -0.7216
13 73 -0.1262 4.6224 -2.5917 -0.7325 0.3270
13 74 -0.1601 4.6185 -2.5984 -0.6738 -0.9280
13 75 -0.0650 4.6331 -2.5810 -0.2742 -0.1503
13 76 -0.0510 4.6389 -2.5797 -0.5456 0.5082
13 77 -0.1017 4.6269 -2.5875 -0.7337 -0.7284
13 78 -0.0263 4.6366 -2.5727 -0.5160 -0.7895
13 79 0.0516 4.6577 -2.5612 -0.7507 0.0740
13 80 0.0439 4.6567 -2.5628 -0.4750 -0.4276
13 81 0.0856 4.6693 -2.5570 -0.2512 -0.7358
13 82 0.1530 4.7001 -2.5516 -0.3803 -0.0874
13 83 0.1613 4.7031 -2.5506 -0.5362 -0.6874
13 84 0.2290 4.7222 -2.5403 -0.5393 -0.6105
13 85 0.2891 4.7397 -2.5310 -0.4058 -0.9258
13 86 0.3767 4.7734 -2.5203 -0.5789 -0.8851
13 87 0.4640 4.7988 -2.5059 -0.6025 0.4391
13 88 0.4205 4.7866 -2.5133 -0.5202 -0.6962
13 89 0.4881 4.8090 -2.5031 -0.6589 -0.3814
13 90 0.5263 4.8189 -2.4961 0.0005 -0.6639
13 91 0.5793 4.8588 -2.4962 -0.5671 -0.7703
13 92 0.6546 4.8831 -2.4839 -0.6786 -0.3228
13 93 0.6870 4.8917 -2.4778 -0.5773 -0.9044
13 94 0.7750 4.9215 -2.4632 -0.4273 -0.8731
13 95 0.8559 4.9579 -2.4526 -0.6554 -0.8004
13 96 0.9348 4.9830 -2.4380 -0.5862 -0.8984
13 97 1.0212 5.0156 -2.4233 -0.4914 -0.8079
13 98 1.0963 5.0498 -2.4121 -0.6695 -0.2185
13 99 1.1177 5.0572 -2.4080 -0.4199 -0.5962
13 100 1.1713 5.0852 -2.4008 -0.1397 -0.5399
13 101 1.2144 5.1180 -2.3986 0.5931 0.6378
13 102 1.1847 5.0594 -2.3880 0.1441 -0.8908
13 103 1.2439 5.1262 -2.3919 -0.7338 0.6532
13 104 1.1790 5.1055 -2.4052 -0.4673 -0.8658
13 105 1.2581 5.1446 -2.3937 -0.5705 0.6479
13 106 1.1968 5.1186 -2.4041 -0.4482 -0.6845
13 107 1.2589 5.1501 -2.3954 0.1644 -0.0782
13 108 1.2641 5.1560 -2.3958 -0.1741 -0.4209
13 109 1.2981 5.1810 -2.3936 -0.7631 -0.4418
13 110 1.3422 5.1948 -2.3842 0.2573 -0.6984
13 111 1.3850 5.2505 -2.3895 -0.1486 -0.6487
13 112 1.4364 5.2902 -2.3866 -0.3028 0.9368
13 113 1.3565 5.2399 -2.3948 0.1815 0.0384
13 114 1.3540 5.2370 -2.3946 -0.7624 -0.7654
13 115 1.4304 5.2610 -2.3784 -0.6394 -0.1019
13 116 1.4402 5.2650 -2.3766 -0.5832 -0.9918
13 117 1.5331 5.3070 -2.3604 -0.6716 -0.4752
13 118 1.5787 5.3256 -2.3515 -0.4772 -0.4950
13 119 1.6229 5.3501 -2.3448 -0.7552 -0.4656
13 120 1.6685 5.3670 -2.3351 -0.6211 -0.7413
13 121 1.7376 5.3998 -2.3222 0.5909 0.5697
13 122 1.7151 5.3457 -2.3128 -0.3691 -0.7655
13 123 1.7788 5.3898 -2.3047 0.1499 -0.6177
13 124 1.8157 5.4395 -2.3075 -0.3189 -0.6686
14 1 -5.6796 4.5781 -0.4784 -0.7789 0.1502
14 2 -5.6703 4.5654 -0.4817 0.0840 -0.6039
14 3 -5.7254 4.5904 -0.4832 -0.4660 -0.2985
14 4 -5.7473 4.6114 -0.4793 -0.2524 -0.7903
14 5 -5.8113 4.6586 -0.4734 -0.5960 0.6695
14 6 -5.7650 4.6076 -0.4846 -0.2418 -0.9595
14 7 -5.8427 4.6648 -0.4777 -0.6887 -0.4327
14 8 -5.8713 4.6994 -0.4694 0.1676 -0.5245
14 9 -5.9205 4.7181 -0.4721 -0.6334 0.1588
14 10 -5.9096 4.7058 -0.4749 -0.5354 -0.9855
14 11 -5.9807 4.7773 -0.4601 -0.3942 -0.0872
14 12 -5.9875 4.7830 -0.4591 -0.7054 0.1604
14 13 -5.9768 4.7702 -0.4622 -0.4446 -0.9538
14 14 -6.0493 4.8346 -0.4502 -0.7722 -0.6631
14 15 -6.0926 4.8890 -0.4359 -0.5449 -0.3569
14 16 -6.1191 4.9142 -0.4305 -0.7202 -0.6312
14 17 -6.1625 4.9636 -0.4179 -0.7443 -0.7862
14 18 -6.2168 5.0253 -0.4016 -0.3129 -0.7575
14 19 -6.2801 5.0680 -0.3947 -0.5099 -0.6278
14 20 -6.3293 5.1092 -0.3857 -0.2953 -0.9847
14 21 -6.4131 5.1624 -0.3772 -0.7769 0.5403
14 22 -6.3753 5.1202 -0.3889 -0.1298 -0.9139
14 23 -6.4569 5.1618 -0.3853 -0.2116 -0.7212
14 24 -6.5198 5.1977 -0.3807 -0.5610 0.5926
14 25 -6.4741 5.1575 -0.3900 -0.6336 -0.9007
14 26 -6.5416 5.2215 -0.3741 -0.4902 -0.6311
14 27 -6.5923 5.2613 -0.3654 -0.2288 -0.7852
14 28 -6.6612 5.2997 -0.3601 -0.7506 -0.2321
14 29 -6.6781 5.3171 -0.3552 -0.1834 -0.7529
14 30 -6.7454 5.3514 -0.3511 -0.7757 0.4544
14 31 -6.7127 5.3168 -0.3609 -0.5984 -0.2493
14 32 -6.7321 5.3336 -0.3567 -0.7765 0.1414
14 33 -6.7219 5.3228 -0.3598 -0.0080 -0.8330
14 34 -6.7997 5.3525 -0.3596 -0.4764 0.7108
14 35 -6.7422 5.3086 -0.3692 -0.5625 -0.4633
14 36 -6.7785 5.3393 -0.3618 -0.6373 -0.0823
14 37 -6.7848 5.3450 -0.3604 -0.7383 -0.4994
14 38 -6.8214 5.3821 -0.3501 -0.5333 -0.8009
14 39 -6.8860 5.4326 -0.3381 -0.4706 -0.9197
14 40 -6.9624 5.4868 -0.3259 -0.6256 -0.3631
14 41 -6.9912 5.5108 -0.3196 0.3145 -0.7814
14 42 -7.0694 5.5208 -0.3267 -0.1664 -0.7703
14 43 -7.1395 5.5532 -0.3228 -0.5088 -0.2789
14 44 -7.1626 5.5699 -0.3188 -0.7192 -0.3643
14 45 -7.1906 5.5955 -0.3116 -0.7492 -0.4159
14 46 -7.2224 5.6251 -0.3029 -0.4725 -0.5848
14 47 -7.2721 5.6580 -0.2951 -0.1383 -0.2907
14 48 -7.2991 5.6690 -0.2939 -0.6663 0.1742
14 49 -7.2852 5.6575 -0.2971 -0.7592 -0.3685
14 50 -7.3136 5.6835 -0.2893 -0.1572 -0.8557
14 51 -7.3930 5.7161 -0.2853 -0.3810 -0.4919
14 52 -7.4363 5.7407 -0.2799 0.0126 -0.7822
14 53 -7.5117 5.7617 -0.2802 -0.3468 -0.5325
14 54 -7.5591 5.7871 -0.2749 -0.2897 -0.5376
14 55 -7.6078 5.8108 -0.2703 -0.1829 -0.9167
14 56 -7.6930 5.8454 -0.2653 0.2784 -0.8090
14 57 -7.7741 5.8531 -0.2719 -0.6575 -0.7678
14 58 -7.8372 5.9015 -0.2578 -0.3019 -0.5411
14 59 -7.8864 5.9249 -0.2531 0.2027 -0.9441
14 60 -7.9804 5.9368 -0.2588 -0.0513 -0.9830
14 61 -8.0746 5.9652 -0.2572 -0.6967 -0.1318
14 62 -8.0853 5.9737 -0.2546 -0.6429 -0.7849
14 63 -8.1509 6.0214 -0.2406 -0.1620 -0.3910
14 64 -8.1878 6.0347 -0.2387 -0.6563 -0.6201
14 65 -8.2400 6.0721 -0.2273 -0.5460 -0.6976
14 66 -8.3010 6.1094 -0.2167 -0.1728 -0.8874
14 67 -8.3853 6.1379 -0.2120 -0.7388 -0.0255
14 68 -8.3874 6.1395 -0.2115 -0.5139 -0.5178
14 69 -8.4334 6.1657 -0.2040 -0.5547 -0.4174
14 70 -8.4703 6.1874 -0.1975 -0.4622 -0.7484
14 71 -8.5381 6.2221 -0.1877 -0.7143 -0.4466
14 72 -8.5764 6.2486 -0.1789 -0.7416 -0.7292
14 73 -8.6388 6.2922 -0.1638 -0.0377 -0.9823
14 74 -8.7353 6.3106 -0.1627 -0.2337 -0.6596
14 75 -8.7985 6.3308 -0.1581 0.1012 -0.8884
14 76 -8.8870 6.3390 -0.1609 -0.6794 -0.8512
14 77 -8.9621 6.3856 -0.1448 -0.1456 -0.7445
14 78 -9.0346 6.4032 -0.1415 -0.2537 -0.6719
14 79 -9.0992 6.4231 -0.1365 -0.6414 -0.8751
14 80 -9.1781 6.4672 -0.1208 -0.7585 0.0919
14 81 -9.1700 6.4620 -0.1228 -0.6098 0.6055
14 82 -9.1150 6.4326 -0.1331 -0.7695 -0.8311
14 83 -9.1879 6.4802 -0.1153 -0.2068 -0.5986
14 84 -9.2462 6.4948 -0.1116 -0.7753 -0.8765
14 85 -9.3241 6.5436 -0.0927 -0.0145 -0.8621
14 86 -9.4098 6.5525 -0.0923 -0.4096 -0.6908
14 87 -9.4759 6.5757 -0.0843 -0.2389 0.7931
14 88 -9.3985 6.5569 -0.0899 -0.7275 -0.0015
14 89 -9.3986 6.5570 -0.0898 -0.5795 0.2914
14 90 -9.3715 6.5443 -0.0946 -0.4572 -0.3031
14 91 -9.4002 6.5554 -0.0906 -0.4419 -0.9471
14 92 -9.4906 6.5888 -0.0787 -0.5301 -0.1079
14 93 -9.5008 6.5930 -0.0771 -0.4740 -0.5114
14 94 -9.5495 6.6114 -0.0703 -0.4995 -0.5607
14 95 -9.6030 6.6320 -0.0624 -0.7576 -0.3179
14 96 -9.6321 6.6481 -0.0557 -0.2571 -0.6420
14 97 -9.6951 6.6619 -0.0508 -0.3136 -0.7524
14 98 -9.7688 6.6802 -0.0440 -0.6934 -0.7833
14 99 -9.8422 6.7153 -0.0289 -0.5246 -0.9962
14 100 -9.9384 6.7490 -0.0142 -0.6706 -0.7722
14 101 -10.0120 6.7805 0.0002 -0.6590 0.4975
14 102 -9.9645 6.7607 -0.0089 -0.4273 -0.4081
14 103 -10.0045 6.7716 -0.0039 -0.1675 -0.1005
14 104 -10.0145 6.7727 -0.0034 -0.0603 -0.8914
14 105 -10.1036 6.7766 -0.0018 -0.7666 -0.4262
14 106 -10.1438 6.7960 0.0073 -0.6085 -0.3227
14 107 -10.1750 6.8074 0.0128 -0.6503 -0.2731
14 108 -10.2013 6.8177 0.0178 -0.7220 -0.3657
14 109 -10.2363 6.8327 0.0251 -0.5972 -0.3328
14 110 -10.2688 6.8438 0.0307 -0.7190 0.5887
14 111 -10.2123 6.8198 0.0189 -0.6733 -0.8687
14 112 -10.2962 6.8526 0.0352 -0.3598 0.2886
14 113 -10.2675 6.8471 0.0322 -0.6737 -0.7805
14 114 -10.3433 6.8756 0.0468 -0.7747 -0.3918
15 1 2.3636 4.6703 -0.2168 -0.7729 -0.5226
15 2 2.3206 4.7042 -0.2056 -0.3943 -0.8755
15 3 2.2404 4.7422 -0.1957 -0.7010 -0.3694
15 4 2.2088 4.7641 -0.1885 -0.4562 -0.3747
15 5 2.1747 4.7811 -0.1837 -0.3819 -0.9516
15 6 2.0864 4.8198 -0.1732 -0.7138 -0.5305
15 7 2.0405 4.8505 -0.1627 -0.2704 0.8260
15 8 2.1190 4.8231 -0.1693 -0.6456 -0.2168
15 9 2.0999 4.8348 -0.1654 0.3000 0.5919
15 10 2.1596 4.8363 -0.1602 0.6691 0.1061
15 11 2.1703 4.8389 -0.1582 -0.2762 -0.1799
15 12 2.1531 4.8448 -0.1568 -0.2291 -0.7270
15 13 2.0833 4.8664 -0.1518 0.4264 0.3118
15 14 2.1148 4.8699 -0.1480 -0.3885 -0.5464
15 15 2.0635 4.8906 -0.1420 -0.5875 -0.9853
15 16 1.9738 4.9377 -0.1258 -0.0283 -0.5876
15 17 1.9157 4.9462 -0.1253 -0.2868 -0.3065
15 18 1.8862 4.9555 -0.1227 -0.6971 -0.9207
15 19 1.8034 5.0035 -0.1048 -0.5396 -0.3504
15 20 1.7708 5.0184 -0.0995 -0.3865 -0.8695
15 21 1.6875 5.0471 -0.0899 0.2942 -0.4600
15 22 1.6413 5.0428 -0.0938 0.5604 -0.3146
15 23 1.6100 5.0352 -0.0988 -0.6898 -0.0138
15 24 1.6087 5.0359 -0.0985 -0.6981 -0.7182
15 25 1.5433 5.0720 -0.0846 0.5516 0.9660
15 26 1.6392 5.0968 -0.0696 -0.4893 -0.7744
15 27 1.5653 5.1246 -0.0589 -0.4649 -0.9490
15 28 1.4740 5.1563 -0.0464 0.1316 0.4094
15 29 1.5150 5.1579 -0.0448 -0.6272 -0.7872
15 30 1.4405 5.1904 -0.0310 -0.7630 0.4668
15 31 1.4837 5.1675 -0.0409 -0.6571 -0.6676
15 32 1.4207 5.1960 -0.0287 0.4677 -0.4665
15 33 1.3747 5.1842 -0.0349 -0.6475 -0.2921
15 34 1.3471 5.1964 -0.0296 -0.6811 -0.4569
15 35 1.3039 5.2161 -0.0210 -0.7851 -0.0429
15 36 1.2999 5.2182 -0.0200 -0.2890 -0.8859
15 37 1.2124 5.2357 -0.0126 -0.7559 -0.3641
15 38 1.1782 5.2525 -0.0049 -0.6837 -0.9037
15 39 1.0919 5.2891 0.0123 0.1757 -0.9324
15 40 0.9990 5.2776 0.0074 -0.1936 -0.4029
15 41 0.9589 5.2823 0.0097 -0.1217 -0.8949
15 42 0.8695 5.2884 0.0130 -0.5088 -0.9177
15 43 0.7795 5.3149 0.0262 -0.7255 -0.7198
15 44 0.7103 5.3439 0.0407 -0.6218 -0.8284
15 45 0.6292 5.3709 0.0550 -0.2477 0.9409
15 46 0.7233 5.3610 0.0482 -0.5221 -0.9114
15 47 0.6332 5.3848 0.0616 -0.7832 0.0577
15 48 0.6388 5.3825 0.0603 -0.2082 -0.6728
15 49 0.5714 5.3872 0.0645 -0.4934 -0.3471
15 50 0.5369 5.3953 0.0693 -0.3663 -0.0888
15 51 0.5280 5.3967 0.0702 0.6273 -0.8347
15 52 0.4499 5.3604 0.0556 -0.1060 -0.9127
15 53 0.3585 5.3615 0.0586 -0.7101 0.5195
15 54 0.4090 5.3421 0.0483 -0.4050 -0.6928
15 55 0.3401 5.3558 0.0564 0.6284 -0.0991
15 56 0.3308 5.3515 0.0546 -0.7394 -0.5358
15 57 0.2788 5.3721 0.0656 0.4206 0.6685
15 58 0.3431 5.3939 0.0737 -0.4902 -0.0995
15 59 0.3332 5.3961 0.0750 -0.5622 -0.8645
15 60 0.2473 5.4184 0.0886 0.0504 -0.7105
15 61 0.1768 5.4098 0.0875 -0.2078 0.8804
15 62 0.2651 5.4055 0.0821 -0.6597 -0.8554
15 63 0.1805 5.4318 0.0978 -0.2692 -0.8080
15 64 0.0993 5.4374 0.1042 -0.5907 -0.9067
15 65 0.0087 5.4596 0.1191 -0.6992 0.1512
15 66 0.0238 5.4550 0.1162 -0.2035 0.3826
15 67 0.0622 5.4545 0.1139 -0.4710 0.4638
15 68 0.1087 5.4463 0.1077 -0.6493 0.2432
15 69 0.1329 5.4393 0.1033 -0.4754 -0.8474
15 70 0.0479 5.4547 0.1147 -0.6897 -0.3370
15 71 0.0144 5.4647 0.1212 -0.6268 -0.7687
15 72 -0.0626 5.4839 0.1346 -0.5857 -0.2187
15 73 -0.0846 5.4887 0.1382 0.0590 0.1687
15 74 -0.0680 5.4917 0.1385 -0.7228 -0.8114
15 75 -0.1492 5.5151 0.1548 0.1097 -0.9859
15 76 -0.2455 5.4930 0.1515 -0.7830 -0.0691
15 77 -0.2524 5.4952 0.1530 -0.7386 0.1920
15 78 -0.2331 5.4896 0.1491 -0.7096 -0.1684
15 79 -0.2500 5.4943 0.1524 0.1939 0.9512
15 80 -0.1583 5.5206 0.1579 -0.7483 -0.8996
15 81 -0.2488 5.5461 0.1766 0.1817 0.9493
15 82 -0.1577 5.5739 0.1818 -0.0865 -0.5031
15 83 -0.2076 5.5676 0.1831 -0.6164 -0.8424
15 84 -0.2932 5.5829 0.1976 -0.7764 -0.3933
15 85 -0.3331 5.5933 0.2061 0.2131 0.4159
15 86 -0.2937 5.6074 0.2087 -0.6859 -0.8639
15 87 -0.3818 5.6243 0.2252 0.7053 0.3010
15 88 -0.3568 5.6431 0.2311 0.5360 -0.2187
15 89 -0.3759 5.6314 0.2278 -0.0761 0.3452
15 90 -0.3419 5.6375 0.2270 -0.7451 0.0536
15 91 -0.3364 5.6363 0.2259 -0.0702 -0.9522
15 92 -0.4301 5.6192 0.2280 -0.3749 -0.9691
15 93 -0.5282 5.6190 0.2384 -0.6426 0.4791
15 94 -0.4792 5.6117 0.2298 -0.7026 -0.6288
15 95 -0.5436 5.6234 0.2421 -0.5447 -0.7915
15 96 -0.6245 5.6297 0.2542 -0.6072 -0.9666
15 97 -0.7236 5.6396 0.2706 -0.4959 0.3505
15 98 -0.6878 5.6385 0.2657 -0.5884 -0.8891
15 99 -0.7790 5.6456 0.2803 -0.3637 -0.6328
15 100 -0.8429 5.6418 0.2869 -0.2268 -0.9974
15 101 -0.9420 5.6272 0.2936 -0.6764 -0.8731
15 102 -1.0321 5.6362 0.3101 -0.6260 -0.8740
15 103 -1.1222 5.6411 0.3253 -0.7276 0.6630
15 104 -1.0535 5.6334 0.3119 -0.5266 -0.4467
15 105 -1.0992 5.6335 0.3185 0.5074 0.7056
15 106 -1.0409 5.6759 0.3286 -0.1018 0.5466
15 107 -0.9880 5.6900 0.3269 -0.7785 -0.9439
15 108 -1.0863 5.7021 0.3473 -0.1821 -0.9186
15 109 -1.1760 5.6808 0.3524 -0.7176 -0.1976
15 110 -1.1965 5.6823 0.3563 -0.6681 0.6727
15 111 -1.1269 5.6791 0.3438 -0.5759 -0.5712
15 112 -1.1856 5.6788 0.3530 -0.4211 -0.8127
15 113 -1.2676 5.6705 0.3627 0.7526 -0.9801
15 114 -1.3393 5.5972 0.3422 -0.7195 -0.3886
15 115 -1.3796 5.6004 0.3500 -0.4603 -0.4004
15 116 -1.4203 5.5974 0.3552 -0.4049 -0.9172
15 117 -1.5127 5.5869 0.3658 -0.6060 -0.0204
15 118 -1.5148 5.5869 0.3662 0.4959 0.8919
15 119 -1.4435 5.6435 0.3787 -0.3971 -0.9815
15 120 -1.5421 5.6296 0.3898 -0.5870 0.3737
15 121 -1.5036 5.6310 0.3837 -0.6675 -0.6475
15 122 -1.5707 5.6314 0.3957 -0.6838 -0.7970
15 123 -1.6535 5.6315 0.4109 0.7224 0.7190
15 124 -1.6037 5.6876 0.4253 0.0911 -0.7210
15 125 -1.6676 5.6540 0.4233 0.0352 0.2094
15 126 -1.6487 5.6630 0.4235 -0.0744 -0.6117
15 127 -1.7057 5.6406 0.4249 -0.4449 -0.0956
15 128 -1.7153 5.6391 0.4261 -0.4497 -0.8072
15 129 -1.7964 5.6262 0.4364 -0.6505 0.1429
15 130 -1.7816 5.6269 0.4339 -0.5387 -0.2503
15 131 -1.8071 5.6240 0.4376 -0.4032 -0.7688
15 132 -1.8835 5.6089 0.4465 -0.6169 -0.4696
15 133 -1.9318 5.6049 0.4546 -0.6939 -0.4042
15 134 -1.9738 5.6029 0.4624 -0.6904 0.3887
15 135 -1.9334 5.6049 0.4549 -0.6202 -0.7823
15 136 -2.0138 5.5974 0.4685 -0.4541 -0.8294
15 137 -2.0965 5.5808 0.4791 -0.2124 -0.9014
15 138 -2.1817 5.5501 0.4848 -0.4866 -0.7559
15 139 -2.2573 5.5350 0.4952 -0.6241 -0.5331
15 140 -2.3119 5.5280 0.5045 -0.6873 -0.2948
15 141 -2.3423 5.5249 0.5101 -0.3256 -0.7822
15 142 -2.4175 5.5007 0.5175 -0.6042 -0.1007
15 143 -2.4277 5.4991 0.5192 -0.1057 -0.6167
15 144 -2.4833 5.4722 0.5212 -0.7066 -0.7639
15 145 -2.5623 5.4634 0.5362 -0.1244 -0.6325
15 146 -2.6192 5.4355 0.5386 -0.4283 -0.8016
15 147 -2.6974 5.4128 0.5484 0.0872 -0.9824
15 148 -2.7783 5.3569 0.5457 -0.2158 -0.7028
15 149 -2.8430 5.3288 0.5503 -0.4469 -0.8500
15 150 -2.9260 5.3045 0.5610 -0.2485 -0.8037
15 151 -3.0002 5.2725 0.5669 -0.5618 -0.0829
15 152 -3.0085 5.2706 0.5682 -0.7174 -0.9375
15 153 -3.1050 5.2557 0.5869 -0.7166 -0.7882
15 154 -3.1859 5.2417 0.6026 -0.4652 -0.4571
15 155 -3.2300 5.2269 0.6086 -0.5827 -0.7121
15 156 -3.3006 5.2076 0.6203 0.2152 -0.8942
15 157 -3.3661 5.1461 0.6145 -0.5555 -0.7148
15 158 -3.4364 5.1253 0.6257 -0.6282 -0.9081
15 159 -3.5270 5.1012 0.6416 0.1095 -0.7831
15 160 -3.5863 5.0499 0.6390 -0.6778 -0.9594
15 161 -3.6828 5.0256 0.6571 -0.5111 -0.8547
15 162 -3.7647 4.9952 0.6694 -0.1379 -0.9589
15 163 -3.8450 4.9425 0.6734 -0.4287 -0.6283
15 164 -3.9034 4.9167 0.6810 -0.7508 0.0478
15 165 -3.8985 4.9179 0.6800 -0.6809 -0.7077
15 166 -3.9690 4.8973 0.6934 -0.6601 0.6825
15 167 -3.9014 4.9179 0.6809 0.2685 -0.5600
15 168 -3.9387 4.8756 0.6765 -0.4257 -0.7378
15 169 -4.0071 4.8450 0.6854 -0.3782 -0.4116
15 170 -4.0445 4.8267 0.6899 -0.5726 -0.8859
15 171 -4.1298 4.7951 0.7041 -0.3640 -0.7476
15 172 -4.1968 4.7599 0.7119 -0.7426 -0.8949
15 173 -4.2866 4.7338 0.7304 -0.5419 -0.1888
15 174 -4.3043 4.7262 0.7333 -0.7018 -0.4568
15 175 -4.3494 4.7111 0.7422 -0.0523 -0.4118
15 176 -4.3807 4.6844 0.7429 -0.7588 -0.3481
15 177 -4.4155 4.6737 0.7502 -0.3369 -0.7791
15 178 -4.4828 4.6329 0.7578 -0.2261 -0.8748
15 179 -4.5545 4.5820 0.7636 -0.3656 -0.9447
15 180 -4.6363 4.5326 0.7736 -0.7589 -0.8539
15 181 -4.7208 4.5033 0.7916 -0.6029 0.6784
15 182 -4.6572 4.5322 0.7802 -0.7229 -0.5494
15 183 -4.7108 4.5121 0.7912 -0.0759 -0.8780
15 184 -4.7755 4.4527 0.7933 0.0159 -0.9451
15 185 -4.8411 4.3847 0.7928 -0.2510 -0.6220
15 186 -4.8914 4.3475 0.7974 -0.4691 -0.0790
15 187 -4.8985 4.3436 0.7984 -0.4011 -0.5027
15 188 -4.9418 4.3167 0.8042 -0.6422 0.7479
15 189 -4.8710 4.3479 0.7908 -0.7547 -0.8417
15 190 -4.9536 4.3174 0.8085 -0.6752 0.0498
15 191 -4.9489 4.3195 0.8075 -0.5521 -0.7705
15 192 -5.0188 4.2828 0.8195 -0.7658 -0.3128
15 193 -5.0494 4.2709 0.8261 0.0952 -0.4954
15 194 -5.0807 4.2324 0.8247 -0.7764 -0.0936
15 195 -5.0898 4.2289 0.8267 0.1841 -0.7330
15 196 -5.1330 4.1694 0.8227 -0.2011 -0.7422
15 197 -5.1902 4.1216 0.8271 -0.0529 -0.9965
15 198 -5.2602 4.0506 0.8287 -0.4168 -0.3060
15 199 -5.2862 4.0337 0.8324 -0.3218 -0.6064
15 200 -5.3355 3.9974 0.8380 0.4017 -0.8049
15 201 -5.3740 3.9254 0.8288 -0.5906 -0.9123
15 202 -5.4571 3.8818 0.8439 -0.3940 -0.4325
16 1 -0.1173 3.8858 2.1975 -0.6532 -0.1779
16 2 -0.1129 3.8679 2.2008 -0.5930 -0.9474
16 3 -0.0856 3.7743 2.2165 -0.1214 -0.7807
16 4 -0.0435 3.7084 2.2194 -0.5659 -0.8408
16 5 -0.0166 3.6264 2.2327 -0.2720 -0.4877
16 6 0.0066 3.5831 2.2366 -0.6391 -0.9797
16 7 0.0360 3.4862 2.2540 0.2175 -0.6491
16 8 0.0837 3.4417 2.2498 -0.4500 -0.8049
16 9 0.1164 3.3667 2.2601 -0.5227 -0.9970
16 10 0.1544 3.2721 2.2748 -0.5117 -0.8247
16 11 0.1874 3.1945 2.2867 -0.6712 -0.9915
16 12 0.2205 3.0972 2.3052 -0.6629 -0.0829
16 13 0.2233 3.0891 2.3067 -0.5119 -0.4245
16 14 0.2415 3.0497 2.3128 -0.7335 0.7597
16 15 0.2180 3.1254 2.2973 -0.6791 -0.5766
16 16 0.2373 3.0688 2.3082 -0.6955 -0.6222
16 17 0.2584 3.0076 2.3203 -0.5989 -0.8800
16 18 0.2937 2.9242 2.3350 0.0032 0.0968
16 19 0.2870 2.9312 2.3350 -0.6937 -0.8044
16 20 0.3165 2.8530 2.3505 -0.3786 -0.8917
16 21 0.3638 2.7761 2.3602 -0.3858 -0.4536
16 22 0.3880 2.7370 2.3652 0.1861 -0.7759
16 23 0.4496 2.6894 2.3609 -0.2417 -0.8838
16 24 0.5027 2.6181 2.3672 -0.7767 -0.8473
16 25 0.5329 2.5345 2.3855 -0.3518 -0.3816
16 26 0.5547 2.5027 2.3894 -0.4095 -0.6261
16 27 0.5890 2.4493 2.3967 -0.5805 -0.6658
16 28 0.6209 2.3887 2.4075 -0.4863 -0.8898
16 29 0.6683 2.3113 2.4197 -0.7023 -0.7096
16 30 0.6997 2.2446 2.4336 -0.7512 -0.1826
16 31 0.7075 2.2271 2.4374 -0.1669 -0.1052
16 32 0.7148 2.2195 2.4379 0.7170 0.7302
16 33 0.6415 2.2399 2.4525 -0.5969 0.1270
16 34 0.6350 2.2512 2.4504 -0.7779 -0.0408
16 35 0.6367 2.2473 2.4512 -0.1916 -0.8834
16 36 0.6978 2.1831 2.4563 -0.3832 -0.4994
16 37 0.7285 2.1429 2.4618 -0.6879 -0.7524
16 38 0.7654 2.0740 2.4762 -0.4663 0.0041
16 39 0.7651 2.0743 2.4761 -0.5722 -0.8794
16 40 0.8139 1.9983 2.4902 -0.5452 0.7070
16 41 0.7738 2.0586 2.4794 -0.1340 -0.9306
16 42 0.8421 1.9952 2.4832 -0.6078 -0.3570
16 43 0.8614 1.9639 2.4893 -0.6537 -0.5925
16 44 0.8928 1.9112 2.5000 -0.4896 0.3897
16 45 0.8693 1.9433 2.4947 -0.0772 -0.8612
16 46 0.9354 1.8880 2.4967 -0.6068 -0.6150
16 47 0.9695 1.8346 2.5071 -0.4253 -0.6202
16 48 1.0092 1.7857 2.5146 -0.3837 -0.8953
16 49 1.0685 1.7171 2.5245 -0.7118 -0.5434
16 50 1.0975 1.6685 2.5352 -0.3328 -0.1961
16 51 1.1111 1.6542 2.5371 -0.7299 -0.5784
16 52 1.1422 1.6024 2.5489 -0.2927 -0.0453
16 53 1.1454 1.5992 2.5493 -0.6110 -0.7452
16 54 1.1901 1.5368 2.5620 -0.1742 -0.0670
16 55 1.1953 1.5325 2.5623 -0.5041 -0.0024
16 56 1.1955 1.5323 2.5624 -0.2717 -0.2980
16 57 1.2174 1.5119 2.5647 -0.2546 -0.3004
16 58 1.2398 1.4916 2.5670 -0.6530 0.7629
16 59 1.1951 1.5567 2.5531 -0.6451 -0.5981
16 60 1.2303 1.5058 2.5639 -0.6585 -0.9852
16 61 1.2888 1.4223 2.5819 -0.3327 -0.6342
16 62 1.3351 1.3780 2.5880 -0.6820 -0.5195
16 63 1.3664 1.3340 2.5979 -0.6806 -0.5489
16 64 1.3999 1.2880 2.6083 -0.3595 -0.4998
16 65 1.4368 1.2534 2.6134 -0.4567 -0.7738
17 1 7.0844 5.3307 -0.1663 0.5859 -0.8216
17 2 7.0012 5.3159 -0.1798 0.2001 -0.3817
17 3 6.9630 5.3179 -0.1820 -0.7762 -0.0338
17 4 6.9601 5.3200 -0.1813 -0.4298 0.9560
17 5 7.0476 5.2779 -0.1930 0.4237 -0.0015
17 6 7.0474 5.2778 -0.1930 0.0914 0.2105
17 7 7.0683 5.2751 -0.1924 0.7813 -0.5269
17 8 7.0149 5.2607 -0.2039 0.5468 -0.4800
17 9 6.9661 5.2548 -0.2112 0.3556 -0.3875
17 10 6.9269 5.2545 -0.2152 0.0284 0.3097
17 11 6.9573 5.2485 -0.2149 0.2794 0.4113
17 12 6.9987 5.2469 -0.2116 -0.4194 0.7141
17 13 7.0633 5.2140 -0.2201 0.5094 -0.1548
17 14 7.0475 5.2126 -0.2223 0.4321 -0.6970
17 15 6.9767 5.2101 -0.2309 -0.2306 0.8862
17 16 7.0594 5.1770 -0.2369 0.0750 -0.1033
17 17 7.0493 5.1789 -0.2372 0.0504 -0.0341
17 18 7.0459 5.1796 -0.2372 0.4990 0.7451
17 19 7.1218 5.1848 -0.2267 0.3959 -0.4914
17 20 7.0720 5.1842 -0.2323 0.2049 -0.2195
17 21 7.0501 5.1864 -0.2337 -0.0456 0.1463
17 22 7.0642 5.1826 -0.2339 -0.5149 0.9023
17 23 7.1429 5.1344 -0.2469 -0.6691 0.1088
17 24 7.1519 5.1276 -0.2490 0.3700 0.0572
17 25 7.1577 5.1275 -0.2484 0.6688 0.4562
17 26 7.2044 5.1347 -0.2399 -0.3336 0.5076
17 27 7.2506 5.1124 -0.2448 -0.1530 0.7369
17 28 7.3201 5.0874 -0.2482 0.1439 -0.2991
17 29 7.2905 5.0920 -0.2495 -0.4185 0.9623
17 30 7.3757 5.0442 -0.2610 -0.7370 0.7817
17 31 7.4379 4.9914 -0.2770 -0.5883 -0.3604
17 32 7.4078 5.0131 -0.2710 0.7586 0.2661
17 33 7.4352 5.0181 -0.2654 0.6051 -0.1135
17 34 7.4236 5.0170 -0.2673 0.6639 0.3175
17 35 7.4562 5.0212 -0.2615 0.4668 0.6038
17 36 7.5177 5.0228 -0.2535 0.4486 -0.1236
17 37 7.5051 5.0225 -0.2551 0.6820 0.8377
17 38 7.5910 5.0361 -0.2392 0.1760 -0.2361
17 39 7.5675 5.0391 -0.2404 0.1798 0.1500
17 40 7.5824 5.0372 -0.2396 -0.0512 -0.9109
17 41 7.4947 5.0618 -0.2382 -0.7777 -0.9808
17 42 7.4151 5.1270 -0.2170 0.3843 -0.4425
17 43 7.3703 5.1263 -0.2218 0.2233 0.3608
17 44 7.4064 5.1234 -0.2194 0.1657 0.7118
17 45 7.4774 5.1156 -0.2159 0.0042 0.0790
17 46 7.4851 5.1139 -0.2159 -0.1066 0.4490
17 47 7.5282 5.1012 -0.2173 0.3514 -0.3747
17 48 7.4903 5.1013 -0.2211 -0.4416 0.8651
17 49 7.5677 5.0595 -0.2320 -0.0549 0.5395
17 50 7.6197 5.0451 -0.2329 0.4861 -0.8504
17 51 7.5331 5.0404 -0.2446 -0.1358 0.5239
17 52 7.5827 5.0231 -0.2468 0.6214 -0.9721
17 53 7.4831 5.0117 -0.2636 0.5972 0.3104
17 54 7.5149 5.0147 -0.2584 -0.4458 0.9480
17 55 7.5978 4.9655 -0.2704 -0.0383 -0.0696
17 56 7.5912 4.9676 -0.2703 0.6029 0.9856
17 57 7.6922 4.9774 -0.2537 0.6591 -0.5709
17 58 7.6336 4.9697 -0.2642 0.1065 0.0590
17 59 7.6394 4.9685 -0.2640 0.0150 0.0878
17 60 7.6479 4.9663 -0.2640 0.5230 -0.6897
17 61 7.5774 4.9631 -0.2741 0.1633 -0.8489
17 62 7.4935 4.9776 -0.2783 -0.1681 0.5723
17 63 7.5466 4.9558 -0.2812 0.3511 0.1092
17 64 7.5577 4.9551 -0.2801 0.3605 0.1702
17 65 7.5749 4.9541 -0.2783 0.5214 -0.2707
17 66 7.5472 4.9532 -0.2823 0.6200 -0.9920
17 67 7.4452 4.9453 -0.2995 0.0168 -0.5298
17 68 7.3944 4.9603 -0.2997 0.2410 -0.2134
17 69 7.3732 4.9635 -0.3013 -0.4177 0.4227
17 70 7.4095 4.9407 -0.3063 0.2454 0.1382
17 71 7.4233 4.9386 -0.3053 0.6021 0.8543
17 72 7.5111 4.9440 -0.2909 0.0873 0.6294
17 73 7.5724 4.9295 -0.2892 -0.6870 0.3582
17 74 7.6008 4.9055 -0.2961 0.6144 0.9183
17 75 7.6952 4.9129 -0.2803 0.6528 -0.5731
17 76 7.6362 4.9068 -0.2907 -0.0453 0.2614
17 77 7.6610 4.8986 -0.2911 -0.7415 0.1045
17 78 7.6692 4.8913 -0.2933 0.3450 -0.1150
17 79 7.6576 4.8922 -0.2944 -0.0638 0.7960
17 80 7.7327 4.8658 -0.2960 0.4257 -0.7459
17 81 7.6570 4.8689 -0.3050 -0.0009 -0.0054
17 82 7.6565 4.8691 -0.3050 0.5642 -0.9099
17 83 7.5632 4.8667 -0.3194 0.3609 -0.1185
17 84 7.5512 4.8679 -0.3207 0.6512 -0.1427
17 85 7.5365 4.8670 -0.3232 0.1566 -0.9183
17 86 7.4467 4.8874 -0.3276 0.6728 -0.9083
17 87 7.3528 4.8815 -0.3446 0.4011 -0.0964
17 88 7.3430 4.8825 -0.3457 -0.4787 -0.8749
17 89 7.2709 4.9350 -0.3339 0.2774 -0.2545
17 90 7.2456 4.9391 -0.3359 0.1564 -0.9537
17 91 7.1527 4.9615 -0.3404 0.3013 0.1204
17 92 7.1647 4.9596 -0.3394 0.5781 0.4503
17 93 7.2110 4.9601 -0.3321 0.1587 0.3478
17 94 7.2449 4.9522 -0.3304 -0.3290 0.6332
17 95 7.2998 4.9194 -0.3364 0.1232 0.2365
17 96 7.3228 4.9135 -0.3356 0.1626 0.6053
17 97 7.3819 4.8997 -0.3326 -0.4230 0.8606
17 98 7.4542 4.8507 -0.3430 -0.3752 0.7414
17 99 7.5171 4.8097 -0.3510 -0.5276 0.9450
17 100 7.5926 4.7492 -0.3650 -0.2009 0.9762
17 101 7.6787 4.7025 -0.3708 0.3340 0.3991
17 102 7.7185 4.6961 -0.3670 -0.6058 -0.6984
17 103 7.6645 4.7436 -0.3551 0.2370 0.4134
17 104 7.7052 4.7352 -0.3523 -0.2706 0.3720
17 105 7.7377 4.7165 -0.3552 0.3828 -0.1969
17 106 7.7178 4.7189 -0.3574 -0.3918 0.9243
17 107 7.7950 4.6658 -0.3677 -0.0731 0.9309
17 108 7.8801 4.6280 -0.3698 -0.1130 0.1580
17 109 7.8944 4.6212 -0.3704 0.4525 -0.1985
17 110 7.8743 4.6232 -0.3729 0.0191 0.2119
17 111 7.8942 4.6157 -0.3728 -0.5966 -0.6753
17 112 7.8420 4.6617 -0.3615 0.5745 -0.1077
17 113 7.8310 4.6619 -0.3633 0.2497 -0.4373
17 114 7.7879 4.6709 -0.3665 0.3089 0.0647
17 115 7.7944 4.6698 -0.3659 0.2975 0.2566
17 116 7.8198 4.6652 -0.3637 -0.2097 0.3814
17 117 7.8534 4.6469 -0.3661 0.3733 -0.4405
17 118 7.8093 4.6530 -0.3708 -0.6049 -0.1022
17 119 7.8014 4.6601 -0.3691 -0.0228 0.2082
17 120 7.8207 4.6523 -0.3692 -0.2823 -0.6288
17 121 7.7665 4.6850 -0.3640 0.4750 -0.1616
17 122 7.7501 4.6863 -0.3662 -0.3536 0.9321
17 123 7.8285 4.6339 -0.3757 -0.0499 0.0839
17 124 7.8362 4.6306 -0.3758 0.5067 0.6597
17 125 7.9034 4.6261 -0.3664 0.6666 -0.5302
17 126 7.8485 4.6248 -0.3762 -0.3459 -0.4924
17 127 7.8071 4.6524 -0.3713 -0.0243 0.8757
17 128 7.8881 4.6193 -0.3720 -0.6785 -0.8600
17 129 7.8238 4.6811 -0.3558 0.0196 -0.7580
17 130 7.7524 4.7066 -0.3562 0.6247 -0.5387
17 131 7.6968 4.7060 -0.3656 -0.3102 0.9627
17 132 7.7789 4.6542 -0.3743 0.4036 -0.5782
17 133 7.7208 4.6618 -0.3810 -0.4501 0.5895
17 134 7.7682 4.6251 -0.3885 0.6635 -0.1832
17 135 7.7493 4.6251 -0.3919 0.0011 0.2211
17 136 7.7697 4.6166 -0.3919 0.1846 0.5677
17 137 7.8246 4.6013 -0.3887 0.2229 -0.2702
17 138 7.7983 4.6080 -0.3905 0.3986 -0.2635
17 139 7.7718 4.6119 -0.3935 -0.2050 0.4824
17 140 7.8137 4.5876 -0.3965 -0.5078 0.9426
17 141 7.8868 4.5249 -0.4100 0.2322 0.5696
17 142 7.9421 4.5102 -0.4060 0.2956 0.4108
17 143 7.9825 4.5012 -0.4025 -0.5822 0.1849
17 144 7.9964 4.4882 -0.4055 0.5581 -0.2135
17 145 7.9746 4.4898 -0.4089 -0.0439 0.0050
17 146 7.9750 4.4896 -0.4089 -0.3878 -0.9800
17 147 7.8955 4.5490 -0.3980 0.3571 0.0036
17 148 7.8958 4.5489 -0.3979 0.4845 0.2006
17 149 7.9162 4.5468 -0.3952 -0.1859 0.4015
17 150 7.9512 4.5269 -0.3974 0.5316 -0.1058
17 151 7.9404 4.5278 -0.3990 -0.3592 0.6905
17 152 7.9971 4.4870 -0.4061 -0.3147 0.3759
17 153 8.0283 4.4654 -0.4096 0.5160 0.7338
17 154 8.1030 4.4584 -0.3989 0.7283 0.3667
17 155 8.1412 4.4597 -0.3915 -0.5745 -0.5757
17 156 8.0972 4.4992 -0.3822 0.5972 -0.0010
17 157 8.0971 4.4992 -0.3823 0.7429 -0.2866
17 158 8.0672 4.4976 -0.3882 -0.1142 0.9754
17 159 8.1545 4.4538 -0.3916 -0.5681 -0.1785
17 160 8.1408 4.4660 -0.3887 0.6053 -0.6999
17 161 8.0687 4.4685 -0.4006 -0.6053 -0.8192
17 162 8.0072 4.5262 -0.3867 -0.5345 -0.3101
17 163 7.9831 4.5468 -0.3821 0.5535 0.5951
17 164 8.0440 4.5440 -0.3728 -0.2478 0.6687
17 165 8.1020 4.5099 -0.3777 -0.7197 -0.0441
17 166 8.0988 4.5132 -0.3768 0.2833 -0.2507
17 167 8.0740 4.5182 -0.3789 -0.5633 -0.9809
17 168 7.9976 4.5837 -0.3634 0.6423 -0.6008
17 169 7.9355 4.5829 -0.3742 -0.0389 -0.1383
17 170 7.9227 4.5883 -0.3740 0.2479 0.2843
17 171 7.9507 4.5822 -0.3719 -0.7675 -0.5361
17 172 7.9123 4.6232 -0.3605 0.2838 -0.1869
17 173 7.8938 4.6267 -0.3621 -0.1925 0.0456
17 174 7.8979 4.6245 -0.3623 -0.2103 0.5640
17 175 7.9476 4.5974 -0.3658 0.6301 -0.5662
17 176 7.8891 4.5972 -0.3758 0.1269 0.5575
17 177 7.9426 4.5812 -0.3736 -0.6976 -0.9942
17 178 7.8689 4.6536 -0.3544 0.3561 -0.1013
17 179 7.8588 4.6550 -0.3554 -0.4648 0.9035
17 180 7.9324 4.5998 -0.3673 0.4750 -0.9063
17 181 7.8404 4.6078 -0.3795 -0.4278 0.8614
17 182 7.9103 4.5551 -0.3900 0.5793 0.0010
17 183 7.9104 4.5551 -0.3899 -0.0549 0.9808
17 184 7.9997 4.5144 -0.3916 0.4561 0.1838
17 185 8.0183 4.5123 -0.3892 0.3210 -0.1640
17 186 8.0020 4.5155 -0.3908 0.3002 0.0332
17 187 8.0053 4.5148 -0.3905 0.2740 -0.0832
17 188 7.9971 4.5166 -0.3911 0.4929 -0.6397
17 189 7.9321 4.5230 -0.4000 0.1500 0.2846
17 190 7.9594 4.5145 -0.3987 -0.4207 0.6601
17 191 8.0123 4.4735 -0.4067 0.6957 -0.3431
17 192 7.9767 4.4734 -0.4133 -0.0624 0.5681
17 193 8.0277 4.4484 -0.4144 -0.2333 0.4884
17 194 8.0692 4.4221 -0.4178 0.3730 -0.5768
17 195 8.0119 4.4332 -0.4240 0.7660 0.2494
17 196 8.0380 4.4340 -0.4186 0.5942 -0.1178
17 197 8.0259 4.4348 -0.4206 0.6746 0.8066
17 198 8.1095 4.4337 -0.4055 0.5272 0.2048
17 199 8.1304 4.4319 -0.4024 -0.7850 0.9774
17 200 8.1961 4.3530 -0.4238 0.3035 0.1553
17 201 8.2113 4.3494 -0.4224 0.5282 -0.3792
17 202 8.1727 4.3536 -0.4280 -0.5513 -0.7215
17 203 8.1187 4.4042 -0.4169 0.1119 0.1005
17 204 8.1282 4.4008 -0.4165 -0.4065 -0.9907
17 205 8.0488 4.4623 -0.4050 0.6048 0.5179
17 206 8.1021 4.4602 -0.3963 -0.5870 0.1112
17 207 8.1105 4.4524 -0.3981 -0.6292 -0.6631
17 208 8.0611 4.4999 -0.3865 -0.1866 0.4025
17 209 8.0964 4.4803 -0.3887 -0.0439 0.4037
17 210 8.1333 4.4639 -0.3893 0.1176 0.1805
17 211 8.1505 4.4583 -0.3886 0.6223 0.9854
17 212 8.2522 4.4573 -0.3715 -0.7321 -0.9926
17 213 8.1796 4.5312 -0.3513 -0.3726 0.6097
17 214 8.2311 4.4971 -0.3578 -0.7059 -0.6474
17 215 8.1827 4.5440 -0.3451 0.6536 -0.1219
17 216 8.1701 4.5435 -0.3473 0.2189 -0.3301
17 217 8.1376 4.5503 -0.3495 -0.6947 -0.8556
17 218 8.0727 4.6111 -0.3330 0.1832 -0.1746
17 219 8.0556 4.6149 -0.3339 0.0317 0.7705
17 220 8.1290 4.5912 -0.3332 -0.7353 -0.4994
17 221 8.0913 4.6272 -0.3229 -0.4139 0.5986
17 222 8.1421 4.5939 -0.3300 -0.6378 0.8916
17 223 8.2116 4.5334 -0.3459 -0.4588 -0.9379
17 224 8.1337 4.5887 -0.3337 0.7512 0.5284
17 225 8.1886 4.5951 -0.3226 0.3871 -0.7997
17 226 8.1079 4.6023 -0.3315 0.3537 0.2536
17 227 8.1334 4.5995 -0.3289 -0.1426 0.9495
17 228 8.2201 4.5603 -0.3330 -0.6036 -0.7737
17 229 8.1585 4.6108 -0.3200 -0.2359 0.9226
17 230 8.2410 4.5686 -0.3264 0.1616 -0.1562
17 231 8.2258 4.5720 -0.3272 0.6495 0.5237
17 232 8.2798 4.5755 -0.3177 0.4637 -0.8163
17 233 8.1968 4.5790 -0.3284 0.5916 0.9317
17 234 8.2926 4.5820 -0.3130 0.1968 0.0917
17 235 8.3016 4.5803 -0.3125 -0.1627 0.5929
17 236 8.3559 4.5561 -0.3154 0.3461 0.8380
17 237 8.4402 4.5479 -0.3070 0.6328 0.8856
17 238 8.5314 4.5549 -0.2914 -0.2989 0.9311
17 239 8.6146 4.5114 -0.2995 -0.5540 0.0090
17 240 8.6153 4.5109 -0.2996 -0.1550 0.4336
17 241 8.6553 4.4939 -0.3017 -0.2985 0.1551
17 242 8.6691 4.4866 -0.3030 0.4133 0.0723
17 243 8.6765 4.4862 -0.3022 0.0384 0.6685
17 244 8.7408 4.4680 -0.3014 0.4403 0.0072
17 245 8.7415 4.4679 -0.3013 0.7451 -0.4531
17 246 8.6946 4.4616 -0.3106 0.0013 0.2575
17 247 8.7191 4.4538 -0.3106 -0.4217 0.6990
17 248 8.7788 4.4153 -0.3190 0.4641 -0.0483
17 249 8.7739 4.4155 -0.3197 -0.2819 -0.7293
17 250 8.7092 4.4503 -0.3137 0.2955 -0.0158
17 251 8.7076 4.4505 -0.3138 0.2485 -0.2874
17 252 8.6791 4.4551 -0.3159 -0.0827 0.6178
17 253 8.7367 4.4326 -0.3175 0.5566 -0.8617
17 254 8.6483 4.4318 -0.3309 -0.6529 -0.0731
17 255 8.6426 4.4368 -0.3296 0.7217 0.1969
17 256 8.6630 4.4388 -0.3256 0.4167 -0.0287
17 257 8.6601 4.4390 -0.3260 0.3566 -0.7741
17 258 8.5823 4.4476 -0.3339 0.1173 0.5665
17 259 8.6372 4.4333 -0.3319 -0.1067 0.1592
17 260 8.6518 4.4270 -0.3324 0.5527 -0.4004
17 261 8.6108 4.4272 -0.3386 0.3468 -0.4078
17 262 8.5699 4.4324 -0.3427 0.5452 -0.8507
17 263 8.4827 4.4343 -0.3557 -0.1082 -0.4923
17 264 8.4379 4.4547 -0.3541 0.7726 -0.4205
17 265 8.3940 4.4504 -0.3631 0.2548 0.3824
17 266 8.4317 4.4428 -0.3603 -0.7466 0.9565
17 267 8.5005 4.3703 -0.3801 -0.3680 0.7314
17 268 8.5612 4.3278 -0.3878 -0.1170 -0.9343
17 269 8.4774 4.3696 -0.3845 -0.6369 0.9421
17 270 8.5472 4.3018 -0.4012 -0.2294 0.9233
17 271 8.6263 4.2533 -0.4075 -0.0378 0.9206
17 272 8.7099 4.2146 -0.4086 -0.7736 -0.4035
17 273 8.6823 4.2467 -0.3999 0.6654 0.3372
17 274 8.7173 4.2466 -0.3937 0.5022 -0.3035
17 275 8.6864 4.2495 -0.3980 0.4450 -0.4864
17 276 8.6374 4.2559 -0.4041 -0.5578 0.9684
17 277 8.7103 4.1885 -0.4193 -0.0128 -0.9443
17 278 8.6244 4.2277 -0.4189 0.6384 -0.8365
17 279 8.5381 4.2318 -0.4338 -0.0921 0.9405
17 280 8.6209 4.1870 -0.4364 -0.1272 -0.9599
17 281 8.5373 4.2345 -0.4327 -0.3280 -0.3106
17 282 8.5121 4.2531 -0.4298 -0.6595 -0.7326
17 283 8.4600 4.3083 -0.4163 -0.1308 0.6682
17 284 8.5187 4.2760 -0.4190 0.5338 0.8709
17 285 8.6074 4.2678 -0.4059 0.4420 0.3102
17 286 8.6387 4.2636 -0.4020 0.6641 0.9716
17 287 8.7393 4.2637 -0.3840 -0.2783 0.7054
17 288 8.7995 4.2258 -0.3898 0.6443 0.9821
17 289 8.9010 4.2260 -0.3722 -0.3695 -0.1298
17 290 8.8902 4.2334 -0.3708 0.4450 0.1161
17 291 8.9019 4.2322 -0.3693 -0.0348 0.6148
17 292 8.9587 4.2087 -0.3700 -0.4130 0.5938
17 293 9.0075 4.1734 -0.3770 0.7439 -0.6509
17 294 8.9396 4.1696 -0.3904 -0.0133 0.3422
17 295 8.9712 4.1563 -0.3906 -0.0188 -0.4356
17 296 8.9311 4.1734 -0.3903 0.4443 -0.1581
17 297 8.9151 4.1753 -0.3923 -0.4131 -0.9955
17 298 8.8340 4.2356 -0.3806 0.6718 -0.7386
17 299 8.7575 4.2347 -0.3944 -0.5981 -0.6920
17 300 8.7051 4.2830 -0.3828 0.6617 0.3090
17 301 8.7371 4.2834 -0.3771 0.2106 0.4935
17 302 8.7852 4.2716 -0.3740 -0.0112 0.4590
17 303 8.8278 4.2545 -0.3742 0.1536 0.2077
17 304 8.8479 4.2489 -0.3732 -0.3075 -0.4880
17 305 8.8062 4.2751 -0.3689 0.3481 -0.3435
17 306 8.7719 4.2805 -0.3723 0.3131 -0.2023
17 307 8.7519 4.2841 -0.3742 -0.2024 0.5648
17 308 8.8015 4.2567 -0.3776 0.0874 -0.0214
17 309 8.7994 4.2573 -0.3776 -0.7172 -0.6620
17 310 8.7511 4.3066 -0.3644 0.0906 0.2832
17 311 8.7782 4.2981 -0.3636 -0.2925 0.5372
17 312 8.8244 4.2698 -0.3682 -0.2655 0.8702
17 313 8.8995 4.2249 -0.3750 0.1283 -0.2471
17 314 8.8758 4.2320 -0.3760 -0.7094 -0.7714
17 315 8.8192 4.2889 -0.3608 0.0095 0.9082
17 316 8.9044 4.2574 -0.3605 0.1095 0.5254
17 317 8.9548 4.2425 -0.3587 0.7642 -0.6614
17 318 8.8858 4.2366 -0.3728 0.3661 0.1705
17 319 8.9029 4.2341 -0.3710 0.2991 -0.5321
17 320 8.8502 4.2440 -0.3756 -0.4263 -0.2981
17 321 8.8258 4.2620 -0.3720 0.2939 0.5060
17 322 8.8759 4.2525 -0.3677 -0.6081 -0.2345
17 323 8.8579 4.2686 -0.3637 -0.3851 0.9523
17 324 8.9372 4.2137 -0.3742 0.4534 -0.1370
17 325 8.9233 4.2151 -0.3760 -0.2040 0.2003
17 326 8.9409 4.2053 -0.3772 -0.4500 0.9882
17 327 9.0205 4.1439 -0.3898 -0.7301 0.1158
17 328 9.0287 4.1351 -0.3921 -0.3275 0.9711
17 329 9.1096 4.0797 -0.4014 -0.0418 0.6806
17 330 9.1715 4.0513 -0.4022 0.2360 -0.0113
17 331 9.1704 4.0516 -0.4023 0.1042 0.6880
17 332 9.2355 4.0291 -0.4001 -0.3183 0.8588
17 333 9.3069 3.9800 -0.4081 0.6673 -0.9126
17 334 9.2124 3.9820 -0.4250 -0.7324 -0.5623
17 335 9.1737 4.0262 -0.4136 0.2416 -0.1973
17 336 9.1546 4.0313 -0.4150 -0.7788 -0.6159
17 337 9.1128 4.0806 -0.4016 -0.7126 -0.0316
17 338 9.1106 4.0830 -0.4010 -0.2955 -0.6195
17 339 9.0585 4.1174 -0.3957 0.5258 -0.5291
17 340 9.0045 4.1219 -0.4035 0.7477 -0.9874
17 341 8.9014 4.1191 -0.4240 0.6495 -0.9970
17 342 8.7983 4.1240 -0.4420 0.5099 0.0871
17 343 8.8072 4.1228 -0.4408 0.2610 -0.0797
17 344 8.7994 4.1250 -0.4414 -0.4471 0.8346
17 345 8.8634 4.0691 -0.4520 -0.5064 -0.2226
17 346 8.8468 4.0847 -0.4488 0.0931 0.4092
17 347 8.8847 4.0692 -0.4477 0.6928 -0.4097
17 348 8.8422 4.0710 -0.4555 0.5857 0.1435
17 349 8.8569 4.0695 -0.4532 0.4392 0.0598
17 350 8.8629 4.0683 -0.4525 -0.2784 0.5156
17 351 8.9048 4.0378 -0.4567 -0.4867 0.9194
17 352 8.9730 3.9734 -0.4693 -0.3221 0.6723
17 353 9.0261 3.9311 -0.4756 -0.6403 -0.5187
17 354 8.9907 3.9714 -0.4663 -0.2883 0.5518
17 355 9.0350 3.9378 -0.4710 -0.3982 -0.9643
17 356 8.9609 4.0015 -0.4600 0.0182 0.0385
17 357 8.9643 3.9998 -0.4600 0.0635 0.9105
17 358 9.0476 3.9629 -0.4582 0.1952 -0.3118
17 359 9.0181 3.9732 -0.4600 -0.4563 0.8440
17 360 9.0814 3.9151 -0.4709 -0.1958 0.7208
17 361 9.1411 3.8744 -0.4751 0.4006 -0.4415
17 362 9.0976 3.8847 -0.4802 0.0937 0.1093
17 363 9.1076 3.8802 -0.4799 0.5146 0.0842
17 364 9.1160 3.8788 -0.4786 0.0452 0.7978
17 365 9.1880 3.8442 -0.4775 0.2893 -0.3890
17 366 9.1505 3.8557 -0.4808 -0.4131 0.9380
17 367 9.2209 3.7917 -0.4918 -0.7194 -0.5149
17 368 9.1880 3.8341 -0.4816 0.1330 -0.7842
17 369 9.1156 3.8644 -0.4847 -0.2368 0.9227
17 370 9.1901 3.8091 -0.4912 -0.3877 -0.9877
17 371 9.1151 3.8754 -0.4802 0.1585 -0.1665
17 372 9.0996 3.8816 -0.4810 -0.6470 -0.6791
17 373 9.0537 3.9347 -0.4688 -0.0865 0.4962
17 374 9.0966 3.9098 -0.4701 0.2822 0.3999
17 375 9.1352 3.8982 -0.4668 0.5069 -0.1692
17 376 9.1181 3.9010 -0.4692 0.2991 0.4008
17 377 9.1570 3.8898 -0.4657 -0.6547 -0.5629
17 378 9.1185 3.9335 -0.4554 0.4212 0.0358
17 379 9.1220 3.9328 -0.4550 -0.3362 0.5182
17 380 9.1632 3.9005 -0.4601 0.3620 -0.0243
17 381 9.1608 3.9011 -0.4603 0.3294 -0.0694
17 382 9.1540 3.9028 -0.4610 -0.0851 0.8561
17 383 9.2284 3.8604 -0.4632 -0.3047 0.9516
17 384 9.3044 3.8017 -0.4717 0.7652 -0.8504
17 385 9.2154 3.8043 -0.4897 0.3391 0.3038
17 386 9.2449 3.7959 -0.4868 0.3254 -0.0296
17 387 9.2420 3.7967 -0.4870 0.5681 -0.4778
17 388 9.1935 3.8041 -0.4946 0.4592 -0.4483
17 389 9.1490 3.8140 -0.5005 0.0157 0.3508
17 390 9.1799 3.7975 -0.5003 -0.3867 0.7497
17 391 9.2359 3.7462 -0.5086 -0.0454 0.9481
17 392 9.3172 3.6975 -0.5100 0.2845 0.3425
17 393 9.3499 3.6863 -0.5071 -0.7166 -0.5255
17 394 9.3170 3.7300 -0.4966 0.6320 -0.3030
17 395 9.2859 3.7339 -0.5020 0.6602 0.9827
17 396 9.3872 3.7236 -0.4839 -0.6986 0.4137
17 397 9.4139 3.6899 -0.4920 0.7811 -0.7526
17 398 9.3349 3.6929 -0.5083 0.6880 -0.1227
17 399 9.3223 3.6942 -0.5106 -0.1216 0.8430
17 400 9.3923 3.6471 -0.5138 0.2701 -0.3885
17 401 9.3555 3.6604 -0.5168 -0.7084 -0.7793
17 402 9.3069 3.7253 -0.5015 0.6564 0.6329
17 403 9.3721 3.7183 -0.4899 0.0345 0.3764
17 404 9.4057 3.7014 -0.4895 0.5675 -0.4221
17 405 9.3629 3.7080 -0.4962 -0.1122 0.3942
17 406 9.3961 3.6867 -0.4976 -0.6269 -0.9693
17 407 9.3310 3.7627 -0.4806 0.1393 0.2929
17 408 9.3581 3.7515 -0.4794 0.7015 -0.4410
17 409 9.3123 3.7547 -0.4880 0.1704 -0.1046
17 410 9.3026 3.7585 -0.4885 0.4117 0.3952
17 411 9.3416 3.7492 -0.4839 0.3749 -0.1714
17 412 9.3248 3.7536 -0.4857 -0.1456 -0.8050
17 413 9.2573 3.7977 -0.4822 -0.0733 0.3069
17 414 9.2837 3.7821 -0.4829 0.2758 -0.6190
17 415 9.2244 3.8013 -0.4879 -0.2117 -0.4073
17 416 9.1912 3.8251 -0.4853 -0.1970 0.8799
17 417 9.2634 3.7742 -0.4905 -0.7499 -0.7848
17 418 9.2140 3.8397 -0.4741 0.0921 0.3868
17 419 9.2495 3.8242 -0.4730 0.3599 -0.3135
17 420 9.2188 3.8321 -0.4763 -0.1092 -0.9108
17 421 9.1409 3.8795 -0.4733 -0.1258 0.4904
17 422 9.1826 3.8536 -0.4751 -0.1345 -0.6838
17 423 9.1246 3.8901 -0.4723 0.2979 0.0741
17 424 9.1317 3.8880 -0.4717 -0.1098 0.1545
17 425 9.1450 3.8799 -0.4722 -0.0930 0.9659
17 426 9.2281 3.8307 -0.4750 0.3514 0.4402
17 427 9.2712 3.8194 -0.4705 -0.7463 0.8749
17 428 9.3266 3.7466 -0.4887 0.5745 -0.8973
17 429 9.2354 3.7607 -0.5031 0.4517 0.7663
17 430 9.3115 3.7433 -0.4933 -0.2602 -0.5675
17 431 9.2662 3.7781 -0.4889 0.2722 0.3606
17 432 9.3007 3.7668 -0.4861 0.1538 0.7705
17 433 9.3723 3.7379 -0.4825 0.5282 0.0662
17 434 9.3790 3.7368 -0.4815 -0.7018 0.1045
17 435 9.3857 3.7283 -0.4835 0.1805 0.6788
17 436 9.4493 3.7039 -0.4799 -0.1487 0.5382
17 437 9.4945 3.6745 -0.4823 -0.0137 0.6199
17 438 9.5492 3.6452 -0.4825 -0.1859 0.3053
17 439 9.5744 3.6278 -0.4842 0.1877 0.1633
17 440 9.5897 3.6220 -0.4833 -0.1631 0.8038
17 441 9.6566 3.5771 -0.4873 0.1298 0.6721
17 442 9.7186 3.5508 -0.4846 0.5690 -0.6246
17 443 9.6552 3.5604 -0.4946 -0.3998 0.7163
17 444 9.7087 3.5112 -0.5028 -0.3963 0.8478
17 445 9.7715 3.4526 -0.5124 -0.1773 0.2884
17 446 9.7949 3.4356 -0.5139 -0.7321 -0.4755
17 447 9.7657 3.4758 -0.5042 -0.1877 -0.3847
17 448 9.7344 3.4983 -0.5021 0.5444 -0.3322
17 449 9.7009 3.5043 -0.5072 0.4645 -0.3001
17 450 9.6711 3.5112 -0.5111 -0.5150 0.0349
17 451 9.6736 3.5086 -0.5116 -0.5299 0.0424
17 452 9.6765 3.5054 -0.5122 0.2082 -0.4274
17 453 9.6366 3.5214 -0.5149 0.3075 -0.6814
17 454 9.5715 3.5434 -0.5210 0.0691 0.8519
17 455 9.6474 3.5045 -0.5192 -0.3125 -0.5299
17 456 9.6069 3.5394 -0.5143 0.2100 0.5506
17 457 9.6583 3.5190 -0.5109 -0.5388 -0.9212
17 458 9.5944 3.5884 -0.4970 -0.7038 -0.4758
17 459 9.5640 3.6274 -0.4877 0.2950 0.0952
17 460 9.5731 3.6246 -0.4868 0.7737 -0.7102
17 461 9.4987 3.6274 -0.5021 0.3233 0.1375
17 462 9.5120 3.6233 -0.5008 0.7828 -0.1918
17 463 9.4919 3.6241 -0.5050 0.2567 -0.3880
17 464 9.4551 3.6373 -0.5079 0.4422 -0.4072
17 465 9.4149 3.6472 -0.5130 -0.6387 -0.6308
17 466 9.3737 3.6977 -0.5018 0.6820 -0.6885
17 467 9.3027 3.7051 -0.5149 0.6300 -0.4202
17 468 9.2597 3.7114 -0.5223 0.1126 -0.0315
17 469 9.2569 3.7127 -0.5224 0.1302 0.0891
17 470 9.2650 3.7090 -0.5220 0.0167 0.5983
17 471 9.3172 3.6797 -0.5217 -0.0002 0.3970
17 472 9.3516 3.6599 -0.5217 0.0376 0.4346
17 473 9.3898 3.6392 -0.5212 0.4289 -0.1696
17 474 9.3732 3.6437 -0.5233 -0.3795 0.7808
17 475 9.4304 3.5892 -0.5318 0.2974 -0.5372
17 476 9.3795 3.6076 -0.5364 0.3657 -0.1119
17 477 9.3687 3.6111 -0.5376 0.4045 -0.1455
17 478 9.3546 3.6153 -0.5393 -0.4183 0.8659
17 479 9.4159 3.5523 -0.5496 -0.5467 0.5071
17 480 9.4489 3.5122 -0.5574 -0.1919 0.7716
18 1 8.4380 4.7514 3.0635 -0.4620 -0.8715
18 2 8.5213 4.7208 3.0749 -0.5564 -0.6182
18 3 8.5798 4.6964 3.0846 0.1448 0.5326
18 4 8.5265 4.6944 3.0869 -0.4554 0.1813
18 5 8.5090 4.7004 3.0845 -0.5622 0.3926
18 6 8.4719 4.7159 3.0784 0.6987 -0.9014
18 7 8.5602 4.7473 3.0608 -0.4537 0.5033
18 8 8.5122 4.7653 3.0544 -0.2916 0.3364
18 9 8.4796 4.7744 3.0515 0.6543 0.6800
18 10 8.4124 4.7533 3.0639 0.0902 -0.9827
18 11 8.5108 4.7514 3.0612 0.4565 -0.2237
18 12 8.5331 4.7558 3.0583 -0.1922 -0.4635
18 13 8.5786 4.7463 3.0609 0.4689 -0.6082
18 14 8.6394 4.7586 3.0529 0.2998 -0.7111
18 15 8.7107 4.7654 3.0467 0.2036 0.8763
18 16 8.6228 4.7621 3.0520 -0.1988 0.6178
18 17 8.5623 4.7755 3.0483 -0.4435 -0.4812
18 18 8.6081 4.7583 3.0544 -0.2161 -0.1034
18 19 8.6182 4.7560 3.0550 0.7105 0.7545
18 20 8.5442 4.7297 3.0699 0.0259 -0.7536
18 21 8.6194 4.7256 3.0693 -0.7612 0.3107
18 22 8.5913 4.7419 3.0628 -0.1988 -0.4319
18 23 8.6337 4.7331 3.0653 0.4201 -0.6769
18 24 8.7014 4.7451 3.0572 -0.2639 -0.1149
18 25 8.7126 4.7423 3.0581 0.0757 -0.6125
18 26 8.7738 4.7402 3.0567 -0.2470 0.2059
18 27 8.7537 4.7452 3.0552 -0.4284 0.2683
18 28 8.7281 4.7545 3.0519 -0.1986 0.5270
18 29 8.6765 4.7659 3.0488 0.0468 0.3827
18 30 8.6383 4.7683 3.0493 -0.3248 0.6756
18 31 8.5731 4.7883 3.0430 0.2441 -0.7598
18 32 8.6494 4.7923 3.0375 -0.3233 -0.2453
18 33 8.6730 4.7849 3.0398 -0.2999 0.5588
18 34 8.6190 4.8011 3.0349 -0.6086 0.9842
18 35 8.5290 4.8477 3.0182 -0.0422 -0.4468
18 36 8.5731 4.8410 3.0188 0.2966 0.4660
18 37 8.5263 4.8379 3.0228 0.0840 -0.1294
18 38 8.5392 4.8371 3.0225 0.3735 0.3110
18 39 8.5079 4.8336 3.0258 -0.7177 0.6713
18 40 8.4482 4.8699 3.0124 0.0224 -0.2146
18 41 8.4695 4.8675 3.0123 -0.2518 -0.2200
18 42 8.4907 4.8612 3.0139 -0.1581 0.4875
18 43 8.4432 4.8724 3.0116 0.0163 -0.3048
18 44 8.4734 4.8688 3.0114 0.0259 -0.0284
18 45 8.4762 4.8685 3.0114 -0.2314 -0.1341
18 46 8.4892 4.8648 3.0123 -0.7308 0.6038
18 47 8.4361 4.8987 3.0001 -0.1095 0.1430
18 48 8.4221 4.9017 2.9996 -0.0456 -0.5783
18 49 8.4791 4.8918 3.0004 0.2831 -0.3851
18 50 8.5178 4.8931 2.9972 -0.7258 0.7489
18 51 8.4526 4.9360 2.9821 -0.6099 0.7321
18 52 8.3874 4.9741 2.9696 -0.3942 0.3871
18 53 8.3515 4.9899 2.9653 -0.0292 -0.7591
18 54 8.4260 4.9751 2.9660 0.3515 -0.2753
18 55 8.4538 4.9763 2.9632 0.2334 -0.9259
18 56 8.5468 4.9732 2.9568 -0.0872 -0.0702
18 57 8.5536 4.9715 2.9570 -0.4476 0.2633
18 58 8.5296 4.9833 2.9536 -0.3352 0.1760
18 59 8.5132 4.9902 2.9519 0.5378 -0.8125
18 60 8.5958 5.0007 2.9397 -0.6337 -0.1883
18 61 8.6121 4.9901 2.9430 0.3462 -0.4865
18 62 8.6612 4.9907 2.9381 -0.4776 0.2222
18 63 8.6413 5.0015 2.9351 0.2067 -0.0922
18 64 8.6505 5.0008 2.9346 -0.4128 0.4975
18 65 8.6053 5.0233 2.9287 -0.5646 0.6457
18 66 8.5490 5.0583 2.9185 -0.0449 -0.4935
18 67 8.5968 5.0459 2.9192 -0.2897 -0.2866
18 68 8.6234 5.0346 2.9216 -0.1412 0.0519
18 69 8.6185 5.0362 2.9214 0.0960 -0.5834
18 70 8.6761 5.0270 2.9197 0.1423 -0.1296
18 71 8.6890 5.0253 2.9191 0.1219 0.0378
18 72 8.6853 5.0259 2.9192 -0.1890 -0.2616
18 73 8.7100 5.0171 2.9207 0.3180 0.1500
18 74 8.6948 5.0174 2.9221 0.0974 -0.3321
18 75 8.7277 5.0122 2.9211 -0.7728 0.5531
18 76 8.6827 5.0488 2.9092 -0.7794 -0.3238
18 77 8.7089 5.0272 2.9162 -0.2985 -0.8755
18 78 8.7899 4.9922 2.9239 0.3043 0.1797
18 79 8.7718 4.9927 2.9254 0.0851 0.2257
18 80 8.7495 4.9963 2.9260 -0.0911 -0.0501
18 81 8.7543 4.9949 2.9262 -0.1419 -0.2827
18 82 8.7813 4.9863 2.9274 -0.1389 -0.4263
18 83 8.8221 4.9735 2.9292 -0.2081 -0.3735
18 84 8.8574 4.9609 2.9315 0.1136 -0.1119
18 85 8.8685 4.9594 2.9311 -0.4155 0.5648
18 86 8.8173 4.9852 2.9244 -0.3323 -0.1825
18 87 8.8341 4.9777 2.9262 -0.7531 0.4037
18 88 8.8009 5.0037 2.9177 -0.7435 0.6014
18 89 8.7516 5.0427 2.9053 -0.0098 -0.7015
18 90 8.8197 5.0258 2.9055 0.2700 -0.7745
18 91 8.8975 5.0204 2.8994 0.6091 0.7310
18 92 8.8228 5.0109 2.9118 -0.1441 0.8478
18 93 8.7423 5.0381 2.9081 0.1830 -0.9214
18 94 8.8341 5.0272 2.9031 -0.7190 0.4532
18 95 8.7970 5.0564 2.8940 -0.5822 -0.8547
18 96 8.8701 5.0077 2.9079 -0.0327 0.5433
18 97 8.8175 5.0214 2.9074 -0.6375 0.4278
18 98 8.7815 5.0470 2.8998 0.2168 -0.5865
18 99 8.8401 5.0408 2.8960 0.1857 -0.3306
18 100 8.8730 5.0366 2.8941 0.1929 -0.6986
18 101 8.9425 5.0278 2.8901 0.2468 0.0302
18 102 8.9395 5.0281 2.8903 -0.1910 0.0285
18 103 8.9368 5.0291 2.8902 0.4901 -0.7881
18 104 9.0172 5.0323 2.8793 0.3219 0.4367
18 105 8.9732 5.0349 2.8834 -0.3550 0.6075
18 106 8.9187 5.0633 2.8771 -0.3581 0.0735
18 107 8.9121 5.0668 2.8764 -0.1878 -0.8798
18 108 8.9940 5.0337 2.8813 -0.0278 -0.5517
18 109 9.0471 5.0186 2.8818 0.5630 -0.9076
18 110 9.1400 5.0251 2.8675 0.2300 -0.6092
18 111 9.2007 5.0171 2.8633 0.7534 0.4009
18 112 9.1594 5.0100 2.8717 -0.3385 -0.2911
18 113 9.1855 4.9965 2.8746 -0.5279 0.7435
18 114 9.1222 5.0388 2.8635 0.1584 -0.6088
18 115 9.1823 5.0280 2.8606 -0.1313 -0.0514
18 116 9.1871 5.0262 2.8608 0.0470 0.3866
18 117 9.1497 5.0357 2.8614 0.7833 -0.2742
18 118 9.1780 5.0408 2.8554 0.5955 0.6886
18 119 9.1073 5.0356 2.8669 -0.5968 -0.4823
18 120 9.1475 5.0065 2.8749 0.2288 0.8159
18 121 9.0661 5.0161 2.8805 0.7048 0.5505
18 122 9.0096 5.0069 2.8913 0.2353 0.2262
18 123 8.9870 5.0092 2.8928 -0.4033 0.4755
18 124 8.9446 5.0323 2.8873 0.7258 0.3759
18 125 8.9060 5.0253 2.8949 0.6817 -0.0369
18 126 8.9098 5.0259 2.8942 0.3472 -0.4883
18 127 8.9591 5.0242 2.8893 0.4544 0.7950
18 128 8.8783 5.0219 2.8996 -0.4819 0.0346
18 129 8.8752 5.0237 2.8991 -0.6652 0.2584
18 130 8.8537 5.0396 2.8943 0.1955 0.2941
18 131 8.8244 5.0432 2.8960 -0.7378 0.9033
18 132 8.7518 5.1033 2.8775 -0.0255 -0.4729
18 133 8.7972 5.0902 2.8779 -0.6156 0.8884
18 134 8.7236 5.1447 2.8626 -0.6869 0.2226
18 135 8.7057 5.1594 2.8584 -0.1676 -0.6379
18 136 8.7649 5.1351 2.8616 0.4378 -0.2305
18 137 8.7883 5.1347 2.8587 0.1500 -0.5099
18 138 8.8385 5.1252 2.8564 -0.0653 -0.1055
18 139 8.8485 5.1218 2.8566 -0.2373 -0.3817
18 140 8.8833 5.1057 2.8593 0.3351 -0.8776
18 141 8.9717 5.0987 2.8508 0.2480 0.0915
18 142 8.9626 5.0999 2.8515 -0.2546 -0.5059
18 143 9.0084 5.0778 2.8553 0.2447 0.6627
18 144 8.9423 5.0864 2.8601 0.0783 -0.4531
18 145 8.9865 5.0761 2.8590 -0.1749 -0.0556
18 146 8.9916 5.0739 2.8592 -0.5623 0.0351
18 147 8.9887 5.0760 2.8587 -0.5288 0.1138
18 148 8.9791 5.0826 2.8570 -0.0496 -0.5979
18 149 9.0359 5.0639 2.8579 -0.2632 -0.5060
18 150 9.0818 5.0419 2.8618 0.5808 0.7130
18 151 9.0087 5.0366 2.8734 0.2606 0.7892
18 152 8.9297 5.0445 2.8795 -0.4427 -0.0966
18 153 8.9382 5.0396 2.8807 -0.1876 -0.5573
18 154 8.9901 5.0188 2.8838 -0.6411 -0.3894
18 155 9.0225 4.9950 2.8908 -0.7770 0.6389
18 156 8.9720 5.0390 2.8770 -0.2487 0.4740
18 157 8.9285 5.0586 2.8735 -0.1398 -0.0399
18 158 8.9323 5.0572 2.8737 0.6407 -0.0374
18 159 8.9361 5.0576 2.8730 -0.5891 0.0376
18 160 8.9330 5.0598 2.8724 -0.2694 0.2291
18 161 8.9121 5.0697 2.8706 -0.4056 -0.4345
18 162 8.9504 5.0479 2.8756 0.5222 -0.1237
18 163 8.9631 5.0485 2.8738 0.3216 -0.8664
18 164 9.0503 5.0422 2.8657 0.1967 0.2004
18 165 9.0304 5.0452 2.8669 -0.1352 -0.6459
18 166 9.0909 5.0223 2.8695 0.4124 -0.9848
18 167 9.1908 5.0197 2.8579 0.0556 -0.8110
18 168 9.2695 4.9999 2.8565 0.1284 -0.9558
18 169 9.3632 4.9806 2.8528 0.3539 -0.0472
18 170 9.3680 4.9802 2.8523 0.0433 -0.9683
18 171 9.4616 4.9553 2.8510 -0.5845 0.6689
18 172 9.4066 4.9966 2.8401 0.5492 0.1024
18 173 9.3961 4.9963 2.8417 0.1921 0.7802
18 174 9.3190 5.0099 2.8461 0.2355 -0.8338
18 175 9.4019 4.9975 2.8403 0.0482 -0.9874
18 176 9.4971 4.9711 2.8388 -0.3608 0.6116
18 177 9.4437 5.0023 2.8325 -0.5233 0.2831
18 178 9.4202 5.0193 2.8283 0.2377 -0.9906
18 179 9.5184 5.0029 2.8214 -0.2456 -0.2235
18 180 9.5384 4.9926 2.8230 -0.0942 -0.5882
18 181 9.5931 4.9707 2.8247 -0.1093 -0.6000
18 182 9.6487 4.9480 2.8267 -0.0629 0.0912
18 183 9.6401 4.9512 2.8265 -0.5252 0.5891
18 184 9.5916 4.9870 2.8178 -0.4474 -0.1290
18 185 9.6025 4.9796 2.8195 -0.1357 0.0782
18 186 9.5953 4.9827 2.8191 0.5432 -0.6460
18 187 9.6615 4.9826 2.8093 -0.4958 -0.0578
18 188 9.6662 4.9791 2.8101 -0.6574 0.0967
18 189 9.6587 4.9858 2.8083 -0.0912 -0.5637
18 190 9.7108 4.9642 2.8099 0.0108 -0.0895
18 191 9.7193 4.9613 2.8099 0.0344 -0.0371
18 192 9.7229 4.9602 2.8098 -0.1713 -0.0769
18 193 9.7298 4.9569 2.8102 0.0031 -0.4823
18 194 9.7755 4.9413 2.8102 -0.3744 -0.4558
18 195 9.8146 4.9168 2.8151 0.5968 -0.9348
18 196 9.9108 4.9189 2.7995 0.0161 -0.2625
18 197 9.9356 4.9103 2.7994 0.0703 0.4372
18 198 9.8937 4.9231 2.8003 -0.5321 -0.0921
18 199 9.9012 4.9173 2.8017 0.4167 -0.5720
18 200 9.9590 4.9121 2.7949 -0.6088 0.4559
18 201 9.9235 4.9429 2.7871 -0.5088 0.7016
18 202 9.8671 4.9871 2.7771 -0.2623 -0.5807
18 203 9.9176 4.9577 2.7816 -0.3662 0.3656
18 204 9.8868 4.9782 2.7777 -0.3701 -0.2068
18 205 9.9042 4.9666 2.7799 0.4267 0.1140
18 206 9.8927 4.9677 2.7813 0.3595 0.3798
18 207 9.8546 4.9730 2.7852 0.0489 -0.6308
18 208 9.9144 4.9529 2.7843 0.6580 -0.7316
18 209 9.9902 4.9549 2.7709 -0.2696 -0.0939
18 210 9.9983 4.9500 2.7716 0.5056 -0.9004
18 211 10.0900 4.9434 2.7588 0.7589 -0.9453
19 1 -2.7426 4.5103 -0.0121 -0.4131 -0.5252
19 2 -2.7940 4.5241 -0.0059 -0.3052 -0.0262
19 3 -2.7966 4.5246 -0.0057 -0.5235 -0.1802
19 4 -2.8141 4.5304 -0.0030 -0.7196 0.1323
19 5 -2.8016 4.5246 -0.0057 -0.6456 0.3902
19 6 -2.7643 4.5092 -0.0127 -0.4348 -0.2256
19 7 -2.7864 4.5154 -0.0099 -0.4155 -0.9843
19 8 -2.8830 4.5409 0.0018 -0.6351 -0.9192
19 9 -2.9716 4.5750 0.0181 -0.5148 -0.6955
19 10 -3.0398 4.5951 0.0281 -0.4579 -0.0978
19 11 -3.0494 4.5976 0.0294 -0.7751 0.6957
19 12 -2.9833 4.5668 0.0144 -0.0676 -0.7860
19 13 -3.0619 4.5691 0.0161 -0.6424 -0.7448
19 14 -3.1340 4.5962 0.0294 -0.5260 -0.4720
19 15 -3.1804 4.6097 0.0364 -0.6089 0.5215
19 16 -3.1296 4.5922 0.0275 -0.0449 -0.3918
19 17 -3.1687 4.5923 0.0281 0.0368 -0.8049
19 18 -3.2491 4.5881 0.0271 0.2291 -0.9959
19 19 -3.3478 4.5712 0.0204 -0.5734 -0.7803
19 20 -3.4240 4.5961 0.0329 -0.5877 -0.6406
19 21 -3.4867 4.6164 0.0434 -0.4336 -0.9366
19 22 -3.5796 4.6367 0.0550 -0.5564 -0.8751
19 23 -3.6661 4.6607 0.0686 -0.2404 -0.1383
19 24 -3.6800 4.6619 0.0696 -0.5593 -0.9568
19 25 -3.7749 4.6869 0.0846 -0.1436 -0.3681
19 26 -3.8118 4.6872 0.0862 -0.7748 -0.0128
19 27 -3.8130 4.6877 0.0865 -0.4455 -0.5157
19 28 -3.8646 4.6971 0.0930 -0.6212 -0.3096
19 29 -3.8954 4.7057 0.0984 -0.5976 -0.7683
19 30 -3.9720 4.7254 0.1112 -0.4275 -0.4215
19 31 -4.0143 4.7317 0.1163 -0.7804 -0.6385
19 32 -4.0775 4.7539 0.1302 -0.6205 -0.9235
19 33 -4.1703 4.7757 0.1462 -0.2641 -0.9045
19 34 -4.2613 4.7772 0.1532 -0.7111 -0.7515
19 35 -4.3369 4.7973 0.1680 0.3038 -0.9964
19 36 -4.4312 4.7625 0.1592 -0.1114 -0.4515
19 37 -4.4762 4.7586 0.1608 -0.7107 -0.9438
19 38 -4.5714 4.7830 0.1794 -0.4085 -0.9141
19 39 -4.6639 4.7890 0.1901 -0.5127 -0.9762
19 40 -4.7631 4.8001 0.2042 -0.5224 0.1252
19 41 -4.7503 4.7987 0.2023 -0.0183 -0.8419
19 42 -4.8330 4.7827 0.2028 -0.0459 -0.8672
19 43 -4.9185 4.7678 0.2041 -0.2706 -0.1153
19 44 -4.9301 4.7674 0.2050 -0.0938 -0.8488
19 45 -5.0141 4.7552 0.2074 -0.5495 -0.5850
19 46 -5.0737 4.7623 0.2164 -0.6280 -0.5928
19 47 -5.1342 4.7715 0.2268 -0.6744 -0.6937
19 48 -5.2051 4.7834 0.2398 -0.7819 -0.8486
19 49 -5.2922 4.8022 0.2583 -0.6471 -0.5303
19 50 -5.3466 4.8088 0.2678 0.3079 -0.8800
19 51 -5.4263 4.7697 0.2600 0.2050 -0.8424
19 52 -5.5046 4.7377 0.2548 -0.2938 -0.8458
19 53 -5.5896 4.7313 0.2621 0.4117 -0.4449
19 54 -5.6289 4.7093 0.2568 -0.4981 -0.8242
19 55 -5.7130 4.7124 0.2684 -0.1674 -0.4308
19 56 -5.7557 4.7055 0.2706 -0.3226 -0.5976
19 57 -5.8158 4.7011 0.2762 -0.7069 -0.9312
19 58 -5.9119 4.7140 0.2945 -0.3644 -0.4704
19 59 -5.9593 4.7105 0.2994 -0.4501 -0.0019
19 60 -5.9595 4.7105 0.2994 -0.6402 -0.2441
19 61 -5.9847 4.7125 0.3038 -0.7108 0.7970
19 62 -5.9023 4.7022 0.2880 -0.5831 -0.8611
19 63 -5.9907 4.7069 0.3021 0.4953 -0.9403
19 64 -6.0703 4.6531 0.2889 -0.2880 -0.7437
19 65 -6.1447 4.6448 0.2952 -0.7129 -0.9035
19 66 -6.2382 4.6558 0.3131 -0.7370 -0.4703
19 67 -6.2869 4.6616 0.3227 -0.6840 -0.9674
19 68 -6.3871 4.6689 0.3412 -0.7748 -0.8459
19 69 -6.4753 4.6784 0.3594 -0.7738 -0.3171
19 70 -6.5084 4.6815 0.3662 0.1507 -0.9288
19 71 -6.5917 4.6400 0.3620 -0.5348 -0.6469
19 72 -6.6579 4.6370 0.3717 -0.3815 -0.6455
19 73 -6.7226 4.6278 0.3787 -0.5995 -0.9423
19 74 -6.8196 4.6250 0.3945 -0.2076 -0.8451
19 75 -6.9015 4.6028 0.3998 -0.0833 -0.7925
19 76 -6.9761 4.5759 0.4018 -0.4839 -0.1733
19 77 -6.9937 4.5740 0.4042 -0.2121 -0.9363
19 78 -7.0842 4.5488 0.4101 -0.4790 -0.7047
19 79 -7.1555 4.5398 0.4196 -0.6197 -0.0908
19 80 -7.1649 4.5393 0.4212 -0.3172 -0.3190
19 81 -7.1962 4.5321 0.4241 -0.3528 -0.2188
19 82 -7.2179 4.5276 0.4263 0.1850 -0.9375
19 83 -7.2984 4.4790 0.4211 -0.5302 -0.9588
19 84 -7.3960 4.4682 0.4354 0.3548 -0.9483
19 85 -7.4723 4.4102 0.4257 -0.5876 -0.6774
19 86 -7.5418 4.4046 0.4369 0.1464 -0.8070
19 87 -7.6115 4.3637 0.4333 -0.6699 0.0354
19 88 -7.6079 4.3638 0.4326 -0.3703 -0.7298
19 89 -7.6801 4.3485 0.4404 0.1103 -0.8178
19 90 -7.7515 4.3085 0.4376 -0.3232 -0.7425
19 91 -7.8243 4.2906 0.4446 0.1745 -0.8823
19 92 -7.8995 4.2440 0.4400 -0.4445 0.2472
19 93 -7.8747 4.2482 0.4368 -0.1332 0.5562
19 94 -7.8224 4.2673 0.4346 -0.0828 -0.8317
19 95 -7.8996 4.2363 0.4367 -0.5006 0.0145
19 96 -7.8982 4.2365 0.4365 -0.7126 -0.0673
19 97 -7.9052 4.2364 0.4378 0.1011 -0.7910
19 98 -7.9745 4.1982 0.4354 0.0029 -0.4764
19 99 -8.0177 4.1781 0.4354 -0.7034 -0.6411
19 100 -8.0844 4.1764 0.4479 -0.5561 0.8433
19 101 -7.9984 4.1857 0.4347 -0.6870 -0.6034
19 102 -8.0610 4.1836 0.4463 -0.5509 -0.6887
19 103 -8.1311 4.1751 0.4569 -0.4781 -0.8594
19 104 -8.2174 4.1599 0.4685 -0.5935 -0.9631
19 105 -8.3157 4.1478 0.4845 -0.3129 -0.8206
19 106 -8.3950 4.1239 0.4920 -0.0808 -0.9416
19 107 -8.4803 4.0838 0.4943 -0.7377 -0.7969
19 108 -8.5633 4.0782 0.5107 -0.0416 -0.8084
19 109 -8.6349 4.0407 0.5117 -0.6760 -0.3587
19 110 -8.6718 4.0364 0.5185 -0.4621 -0.9742
19 111 -8.7681 4.0124 0.5312 -0.6000 -0.6676
19 112 -8.8357 4.0001 0.5424 -0.7103 -0.6110
19 113 -8.8988 3.9920 0.5545 -0.7608 -0.4500
19 114 -8.9456 3.9868 0.5640 -0.5314 -0.8057
19 115 -9.0255 3.9663 0.5760 -0.3968 0.4510
19 116 -8.9822 3.9812 0.5709 -0.4027 0.8643
19 117 -8.8990 4.0087 0.5609 -0.0415 -0.2839
19 118 -8.9235 3.9943 0.5613 -0.4966 -0.8392
19 119 -9.0061 3.9716 0.5731 -0.4564 -0.9805
19 120 -9.1014 3.9419 0.5858 -0.2661 -0.8152
19 121 -9.1762 3.9083 0.5921 -0.2722 -0.2685
19 122 -9.2009 3.8972 0.5943 -0.3033 -0.6220
19 123 -9.2585 3.8724 0.5998 -0.3962 -0.5770
19 124 -9.3132 3.8518 0.6063 0.0110 -0.0877
19 125 -9.3204 3.8467 0.6063 -0.6934 0.2508
19 126 -9.2948 3.8517 0.6014 -0.3562 0.2545
19 127 -9.2709 3.8613 0.5988 -0.3291 -0.4214
19 128 -9.3102 3.8448 0.6028 -0.3242 -0.4816
19 129 -9.3549 3.8257 0.6074 -0.6735 -0.6532
19 130 -9.4211 3.8113 0.6196 -0.6721 -0.5587
19 131 -9.4775 3.7983 0.6301 -0.5201 -0.4609
19 132 -9.5222 3.7835 0.6368 -0.7657 -0.8366
19 133 -9.6082 3.7666 0.6546 -0.6186 0.3231
19 134 -9.5762 3.7759 0.6490 -0.6654 0.3794
19 135 -9.5382 3.7857 0.6420 -0.4766 -0.6047
19 136 -9.5959 3.7641 0.6502 -0.0831 -0.6076
19 137 -9.6462 3.7300 0.6517 -0.5532 -0.3046
19 138 -9.6758 3.7201 0.6564 -0.6256 0.1521
19 139 -9.6608 3.7245 0.6538 -0.2987 0.3344
19 140 -9.6306 3.7396 0.6509 -0.3024 0.1482
19 141 -9.6173 3.7463 0.6496 -0.4716 -0.5270
19 142 -9.6674 3.7270 0.6566 -0.3084 -0.2245
19 143 -9.6876 3.7168 0.6586 -0.4459 -0.8399
19 144 -9.7665 3.6841 0.6692 -0.6704 -0.8353
20 1 6.2878 4.9846 -0.7223 -0.7821 -0.8938
20 2 6.2516 5.0711 -0.7029 0.3787 0.0115
20 3 6.2526 5.0706 -0.7028 0.1164 0.6580
20 4 6.3060 5.0320 -0.7005 0.4323 -0.5193
20 5 6.2583 5.0545 -0.7068 -0.1214 0.8033
20 6 6.3150 4.9975 -0.7098 0.0510 0.2050
20 7 6.3310 4.9847 -0.7095 -0.1620 0.9528
20 8 6.3964 4.9150 -0.7141 0.3518 -0.2755
20 9 6.3720 4.9283 -0.7169 -0.4897 0.0077
20 10 6.3724 4.9277 -0.7170 -0.5888 -0.9740
20 11 6.3234 5.0151 -0.7010 0.4989 -0.5176
20 12 6.2748 5.0359 -0.7083 0.6409 -0.8099
20 13 6.1958 5.0634 -0.7228 0.2473 0.7242
20 14 6.2573 5.0245 -0.7175 -0.3599 -0.9734
20 15 6.1989 5.1036 -0.7074 0.3094 -0.0220
20 16 6.1969 5.1047 -0.7076 -0.4472 0.8147
20 17 6.2428 5.0357 -0.7179 -0.1333 0.8084
20 18 6.2988 4.9772 -0.7212 -0.5588 -0.7196
20 19 6.2621 5.0413 -0.7099 0.0203 0.9342
20 20 6.3338 4.9814 -0.7093 0.4901 -0.3022
20 21 6.3056 4.9938 -0.7135 0.0737 0.5798
20 22 6.3513 4.9581 -0.7122 0.2054 0.0769
20 23 6.3577 4.9539 -0.7117 -0.3966 0.5057
20 24 6.3872 4.9119 -0.7175 0.4667 -0.3525
20 25 6.3547 4.9271 -0.7221 -0.6695 0.6700
20 26 6.3846 4.8645 -0.7346 0.4050 -0.4082
20 27 6.3481 4.8839 -0.7393 0.6653 -0.7034
20 28 6.2796 4.9090 -0.7524 -0.0134 0.7793
20 29 6.3360 4.8552 -0.7527 0.7114 -0.3071
20 30 6.3058 4.8657 -0.7588 -0.2138 0.5766
20 31 6.3420 4.8205 -0.7624 0.2381 -0.1833
20 32 6.3269 4.8311 -0.7637 -0.5763 -0.9157
20 33 6.2843 4.9149 -0.7489 0.1962 0.5640
20 34 6.3303 4.8820 -0.7456 0.5490 -0.1292
20 35 6.3182 4.8874 -0.7476 0.5948 0.8678
20 36 6.4009 4.8538 -0.7332 -0.3949 0.4429
20 37 6.4260 4.8165 -0.7382 -0.4988 0.1154
20 38 6.4320 4.8064 -0.7398 -0.5101 -0.6296
20 39 6.3996 4.8619 -0.7308 0.1677 0.8949
20 40 6.4726 4.8098 -0.7263 -0.6344 -0.9842
20 41 6.4260 4.9001 -0.7089 -0.6054 -0.8545
20 42 6.3831 4.9770 -0.6944 0.1635 -0.2192
20 43 6.3648 4.9892 -0.6955 -0.0738 -0.6943
20 44 6.3137 5.0363 -0.6939 0.5256 0.8737
20 45 6.3970 5.0038 -0.6810 0.5220 0.4328
20 46 6.4384 4.9880 -0.6746 -0.5362 0.5900
20 47 6.4710 4.9372 -0.6835 -0.3355 0.7490
20 48 6.5183 4.8781 -0.6908 0.7448 -0.8083
20 49 6.4366 4.8998 -0.7075 -0.3584 0.6862
20 50 6.4780 4.8441 -0.7146 0.7153 -0.7672
20 51 6.4017 4.8676 -0.7299 0.1768 0.2006
20 52 6.4181 4.8560 -0.7288 0.4560 0.8598
20 53 6.4970 4.8182 -0.7177 -0.7137 -0.4090
20 54 6.4791 4.8568 -0.7096 0.0331 0.7763
20 55 6.5391 4.8076 -0.7088 -0.6501 -0.4053
20 56 6.5197 4.8448 -0.7014 -0.6735 -0.4391
20 57 6.4989 4.8853 -0.6932 0.6926 -0.0263
20 58 6.4963 4.8861 -0.6937 -0.2634 0.8144
20 59 6.5496 4.8238 -0.7000 0.0879 0.9173
20 60 6.6232 4.7689 -0.6975 0.7539 -0.6207
20 61 6.5605 4.7855 -0.7105 -0.0317 0.3939
20 62 6.5898 4.7592 -0.7109 -0.4195 0.4335
20 63 6.6146 4.7229 -0.7161 0.1846 0.4968
20 64 6.6559 4.6949 -0.7134 0.6125 0.7321
20 65 6.7270 4.6696 -0.7008 -0.2123 -0.1935
20 66 6.7139 4.6840 -0.6996 -0.3946 0.8402
20 67 6.7637 4.6149 -0.7091 0.4834 -0.1625
20 68 6.7486 4.6217 -0.7113 0.5138 -0.5777
20 69 6.6943 4.6450 -0.7197 0.4961 -0.5180
20 70 6.6462 4.6668 -0.7269 0.2358 0.8012
20 71 6.7138 4.6230 -0.7213 0.6326 0.3012
20 72 6.7431 4.6125 -0.7160 0.5263 0.9443
20 73 6.8323 4.5755 -0.7021 0.0516 0.9477
20 74 6.9068 4.5169 -0.7005 -0.3241 -0.8856
20 75 6.8511 4.5868 -0.6922 0.7689 -0.6399
20 76 6.7860 4.6031 -0.7059 0.4983 -0.5454
20 77 6.7350 4.6253 -0.7136 0.6104 -0.0609
20 78 6.7291 4.6274 -0.7146 -0.7522 -0.6139
20 79 6.7030 4.6861 -0.7018 0.5952 -0.8124
20 80 6.6246 4.7150 -0.7153 -0.0451 0.8677
20 81 6.6883 4.6561 -0.7165 -0.2940 -0.3236
20 82 6.6680 4.6816 -0.7137 0.0597 0.4959
20 83 6.7068 4.6507 -0.7128 0.4084 -0.2809
20 84 6.6813 4.6635 -0.7161 0.5448 -0.4140
20 85 6.6421 4.6797 -0.7224 -0.5154 0.2607
20 86 6.6557 4.6568 -0.7262 -0.2610 0.4605
20 87 6.6848 4.6207 -0.7297 -0.2818 -0.9743
20 88 6.6240 4.6978 -0.7217 0.3002 0.3375
20 89 6.6533 4.6805 -0.7187 -0.5854 -0.9776
20 90 6.6042 4.7682 -0.7027 0.0788 -0.4649
20 91 6.5672 4.7964 -0.7039 0.1394 0.8652
20 92 6.6382 4.7466 -0.7002 0.7260 0.4046
20 93 6.6788 4.7355 -0.6920 0.3045 0.3080
20 94 6.7061 4.7206 -0.6893 0.1272 0.2669
20 95 6.7281 4.7054 -0.6883 0.7711 -0.0869
20 96 6.7192 4.7075 -0.6901 -0.6055 0.7293
20 97 6.7561 4.6421 -0.7025 -0.1248 0.8512
20 98 6.8164 4.5817 -0.7057 -0.2540 -0.9630
20 99 6.7534 4.6553 -0.6985 0.4957 0.3365
20 100 6.7851 4.6420 -0.6938 0.3478 -0.2056
20 101 6.7666 4.6516 -0.6959 -0.3789 0.6528
20 102 6.8060 4.5986 -0.7030 -0.7461 -0.7150
20 103 6.7746 4.6663 -0.6881 -0.6914 -0.8337
20 104 6.7345 4.7431 -0.6721 0.6490 -0.9067
20 105 6.6447 4.7704 -0.6885 -0.5418 0.1595
20 106 6.6534 4.7565 -0.6909 -0.7609 -0.5832
20 107 6.6275 4.8118 -0.6786 0.4500 -0.1737
20 108 6.6113 4.8188 -0.6808 0.7246 0.9501
20 109 6.7074 4.7950 -0.6617 -0.1425 0.5125
20 110 6.7448 4.7598 -0.6639 -0.1563 0.5431
20 111 6.7840 4.7220 -0.6664 0.1424 0.1950
20 112 6.8005 4.7114 -0.6656 0.7496 -0.5021
20 113 6.7493 4.7233 -0.6761 0.5211 -0.1593
20 114 6.7341 4.7291 -0.6784 0.7606 0.1193
20 115 6.7463 4.7263 -0.6759 0.7312 -0.6095
20 116 6.6847 4.7420 -0.6883 0.5335 -0.2394
20 117 6.6618 4.7508 -0.6918 -0.0354 -0.9209
20 118 6.5923 4.8112 -0.6908 -0.3949 0.6737
20 119 6.6327 4.7562 -0.6984 -0.6043 -0.9389
20 120 6.5846 4.8401 -0.6826 0.0603 0.0290
20 121 6.5870 4.8384 -0.6825 -0.5835 0.6460
20 122 6.6208 4.7813 -0.6931 0.2774 -0.4346
20 123 6.5828 4.8030 -0.6966 0.3128 -0.7103
20 124 6.5201 4.8377 -0.7031 0.1343 0.1421
20 125 6.5317 4.8295 -0.7025 -0.7717 -0.7639
20 126 6.4990 4.9026 -0.6861 -0.0677 -0.5931
20 127 6.4548 4.9421 -0.6849 -0.7547 -0.5750
20 128 6.4289 4.9964 -0.6728 -0.1283 -0.5492
20 129 6.3889 5.0341 -0.6707 0.5898 0.0830
20 130 6.3970 5.0315 -0.6693 0.1169 0.1599
20 131 6.4102 5.0225 -0.6687 0.1121 -0.9798
20 132 6.3291 5.0776 -0.6721 0.5503 -0.1293
20 133 6.3166 5.0821 -0.6741 0.0530 0.9238
20 134 6.3909 5.0271 -0.6725 0.3484 0.0848
20 135 6.3985 5.0233 -0.6717 -0.2249 0.5242
20 136 6.4346 4.9849 -0.6752 -0.6618 0.9405
20 137 6.4808 4.8992 -0.6925 0.6875 -0.1275
20 138 6.4681 4.9029 -0.6950 0.1051 -0.1124
20 139 6.4590 4.9095 -0.6953 0.3461 0.2059
20 140 6.4775 4.8999 -0.6933 -0.0228 0.4783
20 141 6.5138 4.8688 -0.6936 0.7299 0.4798
20 142 6.5622 4.8560 -0.6839 0.6280 -0.0397
20 143 6.5583 4.8573 -0.6846 0.3453 0.3051
20 144 6.5858 4.8433 -0.6815 0.7311 -0.3851
20 145 6.5469 4.8534 -0.6893 0.6941 -0.1424
20 146 6.5327 4.8575 -0.6921 -0.0316 0.9614
20 147 6.6053 4.7945 -0.6930 0.6594 -0.9044
20 148 6.5162 4.8231 -0.7097 0.3205 -0.2107
20 149 6.4976 4.8335 -0.7116 -0.0973 0.6486
20 150 6.5439 4.7880 -0.7136 -0.1128 0.6307
20 151 6.5884 4.7432 -0.7157 -0.2557 0.2522
20 152 6.6046 4.7237 -0.7176 -0.1973 0.5905
20 153 6.6439 4.6793 -0.7211 0.7198 -0.7676
20 154 6.5676 4.7032 -0.7365 0.4025 0.2305
20 155 6.5882 4.6922 -0.7338 -0.7780 -0.7553
20 156 6.5584 4.7656 -0.7175 -0.1660 0.9798
20 157 6.6249 4.6933 -0.7224 0.4348 -0.0876
20 158 6.6169 4.6973 -0.7235 -0.7801 -0.1879
20 159 6.6094 4.7155 -0.7194 -0.7559 -0.2168
20 160 6.6005 4.7363 -0.7148 -0.6432 0.7354
20 161 6.6347 4.6685 -0.7280 0.0014 -0.2347
20 162 6.6172 4.6841 -0.7280 0.0596 0.9054
20 163 6.6872 4.6266 -0.7263 0.6123 -0.1726
20 164 6.6706 4.6329 -0.7293 -0.0622 -0.5524
20 165 6.6309 4.6714 -0.7282 -0.7643 0.6972
20 166 6.6582 4.6037 -0.7430 0.3388 0.9791
20 167 6.7437 4.5538 -0.7334 0.3029 0.4095
20 168 6.7790 4.5325 -0.7298 -0.6565 -0.9256
20 169 6.7365 4.6184 -0.7129 0.7513 -0.3796
20 170 6.6983 4.6291 -0.7208 -0.6791 -0.8384
20 171 6.6600 4.7072 -0.7050 -0.0947 0.6885
20 172 6.7095 4.6593 -0.7070 -0.1714 0.3322
20 173 6.7323 4.6350 -0.7087 0.0029 -0.5898
20 174 6.6874 4.6733 -0.7088 0.5913 0.2766
20 175 6.7141 4.6634 -0.7042 0.1259 0.1903
20 176 6.7296 4.6523 -0.7035 -0.3370 0.7466
20 177 6.7756 4.5925 -0.7107 -0.1870 0.7512
20 178 6.8262 4.5367 -0.7149 -0.2039 0.6951
20 179 6.8724 4.4844 -0.7192 0.1197 0.2188
20 180 6.8900 4.4713 -0.7184 0.0040 0.7773
20 181 6.9487 4.4203 -0.7183 0.7341 0.7357
20 182 7.0225 4.3993 -0.7033 -0.4899 -0.8707
20 183 6.9740 4.4737 -0.6912 0.3119 0.7009
20 184 7.0363 4.4402 -0.6849 0.5669 -0.2583
20 185 7.0113 4.4493 -0.6890 -0.7373 0.9274
20 186 7.0523 4.3616 -0.7080 0.0215 0.4534
20 187 7.0872 4.3326 -0.7077 -0.0724 0.6476
20 188 7.1343 4.2881 -0.7091 -0.5486 -0.7659
20 189 7.0940 4.3555 -0.6973 0.2475 0.7759
20 190 7.1610 4.3155 -0.6917 0.3911 0.2231
20 191 7.1813 4.3057 -0.6892 -0.7662 -0.9457
20 192 7.1392 4.3953 -0.6690 0.5240 0.0854
20 193 7.1474 4.3923 -0.6678 -0.0267 0.6852
20 194 7.2004 4.3489 -0.6683 -0.7469 -0.7285
20 195 7.1660 4.4168 -0.6532 -0.4860 -0.6954
20 196 7.1243 4.4742 -0.6437 -0.3155 0.9798
20 197 7.1900 4.4002 -0.6527 0.3228 0.8266
20 198 7.2651 4.3641 -0.6449 0.7831 -0.8445
20 199 7.1781 4.3810 -0.6633 0.4053 -0.0401
20 200 7.1744 4.3826 -0.6638 0.6571 -0.3577
20 201 7.1388 4.3928 -0.6703 0.5458 0.8582
20 202 7.2218 4.3637 -0.6572 0.6745 -0.4216
20 203 7.1796 4.3750 -0.6651 -0.0596 0.6547
20 204 7.2294 4.3326 -0.6663 0.1720 -0.4466
20 205 7.1914 4.3562 -0.6686 -0.7517 -0.7312
20 206 7.1571 4.4245 -0.6533 -0.5879 -0.4783
20 207 7.1305 4.4659 -0.6455 0.5708 -0.3940
20 208 7.0919 4.4782 -0.6518 0.2367 0.9325
20 209 7.1742 4.4334 -0.6452 0.3743 0.1703
20 210 7.1900 4.4264 -0.6434 -0.7178 -0.6729
20 211 7.1558 4.4876 -0.6300 0.3044 -0.7624
20 212 7.0864 4.5206 -0.6367 0.4748 -0.0906
20 213 7.0777 4.5238 -0.6380 -0.3851 0.8688
20 214 7.1338 4.4560 -0.6475 -0.7495 -0.7609
20 215 7.0965 4.5262 -0.6317 0.2080 0.2252
20 216 7.1164 4.5154 -0.6303 -0.2149 0.7962
20 217 7.1738 4.4598 -0.6354 0.1469 0.4697
20 218 7.2142 4.4356 -0.6333 0.1577 0.4738
20 219 7.2552 4.4116 -0.6310 0.5321 -0.8546
20 220 7.1721 4.4390 -0.6438 0.6334 -0.1083
20 221 7.1613 4.4419 -0.6457 -0.6605 -0.8950
20 222 7.1135 4.5214 -0.6293 0.3701 0.3637
20 223 7.1474 4.5070 -0.6254 0.2010 0.8814
20 224 7.2253 4.4651 -0.6201 0.5868 -0.0364
20 225 7.2217 4.4661 -0.6207 0.1421 0.0153
20 226 7.2230 4.4653 -0.6206 0.3026 0.3212
20 227 7.2525 4.4518 -0.6178 0.6444 0.5606
20 228 7.3089 4.4386 -0.6078 -0.2665 -0.9991
20 229 7.2368 4.5087 -0.5999 -0.2168 0.8848
20 230 7.3024 4.4487 -0.6056 0.2335 0.6700
20 231 7.3629 4.4191 -0.6010 0.5004 -0.0950
20 232 7.3536 4.4220 -0.6023 0.1708 -0.5816
20 233 7.3022 4.4496 -0.6053 0.0743 0.9998
20 234 7.3873 4.3969 -0.6030 0.4926 -0.1977
20 235 7.3680 4.4030 -0.6058 0.1898 0.2020
20 236 7.3860 4.3936 -0.6046 0.7745 -0.1223
20 237 7.3733 4.3955 -0.6073 0.1021 0.8761
20 238 7.4486 4.3505 -0.6045 -0.6333 -0.9487
20 239 7.3934 4.4315 -0.5878 0.5080 0.3066
20 240 7.4235 4.4228 -0.5834 -0.3350 -0.9915
20 241 7.3528 4.4937 -0.5738 0.2090 0.6867
20 242 7.4152 4.4645 -0.5695 0.5059 0.0918
20 243 7.4243 4.4620 -0.5682 0.3662 0.0492
20 244 7.4290 4.4603 -0.5677 0.4765 -0.2987
20 245 7.3997 4.4688 -0.5717 0.2451 0.7373
20 246 7.4676 4.4390 -0.5664 0.1464 0.0686
20 247 7.4737 4.4359 -0.5661 0.0978 -0.8883
20 248 7.3958 4.4787 -0.5687 0.0925 0.7004
20 249 7.4571 4.4447 -0.5668 -0.6746 -0.4219
20 250 7.4321 4.4806 -0.5588 0.6441 -0.9495
20 251 7.3356 4.4987 -0.5759 0.6772 -0.7264
20 252 7.2615 4.5123 -0.5896 -0.6691 -0.4991
20 253 7.2328 4.5553 -0.5803 0.3705 -0.6636
20 254 7.1698 4.5786 -0.5873 0.1316 0.1076
20 255 7.1793 4.5735 -0.5869 0.4800 -0.1547
20 256 7.1642 4.5781 -0.5890 0.2853 0.4733
20 257 7.2079 4.5592 -0.5851 0.5372 0.2785
20 258 7.2355 4.5518 -0.5808 0.0611 0.5055
20 259 7.2789 4.5258 -0.5799 0.6207 -0.2107
20 260 7.2576 4.5304 -0.5835 0.0436 0.5586
20 261 7.3052 4.5010 -0.5828 -0.0745 0.6626
20 262 7.3586 4.4618 -0.5843 -0.7484 -0.9860
20 263 7.3043 4.5494 -0.5638 0.1866 -0.0831
20 264 7.2968 4.5530 -0.5643 0.1044 0.4996
20 265 7.3408 4.5293 -0.5627 0.4432 -0.5136
20 266 7.2909 4.5445 -0.5691 0.1941 0.6470
20 267 7.3496 4.5167 -0.5654 -0.0228 0.2279
20 268 7.3686 4.5042 -0.5655 -0.1883 0.4539
20 269 7.4038 4.4753 -0.5681 -0.1113 0.3746
20 270 7.4338 4.4528 -0.5694 0.1339 0.0593
20 271 7.4391 4.4501 -0.5691 0.2521 0.5503
20 272 7.4899 4.4281 -0.5650 -0.3998 0.7628
20 273 7.5430 4.3719 -0.5738 -0.4528 0.9012
20 274 7.6032 4.3027 -0.5853 -0.7539 -0.9080
20 275 7.5536 4.3837 -0.5663 0.3352 0.5122
20 276 7.6021 4.3657 -0.5613 -0.2740 0.8898
20 277 7.6684 4.3055 -0.5685 -0.6809 0.3165
20 278 7.6869 4.2783 -0.5745 -0.4539 -0.1041
20 279 7.6799 4.2862 -0.5731 -0.2289 0.9134
20 280 7.7488 4.2256 -0.5793 -0.7528 -0.9389
20 281 7.6969 4.3090 -0.5597 0.3505 0.2506
20 282 7.7207 4.3005 -0.5572 0.5638 0.0606
20 283 7.7268 4.2991 -0.5562 0.0674 0.4773
20 284 7.7685 4.2758 -0.5552 -0.5991 0.2094
20 285 7.7816 4.2587 -0.5587 -0.6526 -0.7703
20 286 7.7346 4.3230 -0.5447 -0.2057 0.9768
20 287 7.8109 4.2614 -0.5507 0.7377 0.9273
20 288 7.9071 4.2513 -0.5317 -0.3943 -0.8358
20 289 7.8462 4.3101 -0.5222 0.1119 0.7176
20 290 7.9110 4.2791 -0.5198 -0.6466 -0.5712
20 291 7.8742 4.3253 -0.5095 -0.3579 -0.1196
20 292 7.8652 4.3333 -0.5083 0.1417 0.2828
20 293 7.8911 4.3219 -0.5070 0.0757 0.0178
20 294 7.8927 4.3211 -0.5070 0.1886 0.4243
20 295 7.9322 4.3051 -0.5046 0.3952 -0.1928
20 296 7.9133 4.3102 -0.5068 -0.4556 0.8590
20 297 7.9749 4.2482 -0.5179 0.0631 0.2301
20 298 7.9954 4.2377 -0.5174 -0.0026 -0.0120
20 299 7.9944 4.2383 -0.5174 -0.1148 0.5802
20 300 8.0425 4.2058 -0.5195 -0.2069 0.2631
20 301 8.0635 4.1897 -0.5211 0.7313 -0.9353
20 302 7.9664 4.1993 -0.5401 -0.2092 0.7755
20 303 8.0271 4.1506 -0.5449 0.6907 -0.8483
20 304 7.9399 4.1632 -0.5612 0.0640 0.2181
20 305 7.9589 4.1524 -0.5608 -0.1987 -0.4767
20 306 7.9219 4.1828 -0.5580 -0.1610 0.2753
20 307 7.9436 4.1658 -0.5593 0.6691 0.7563
20 308 8.0211 4.1536 -0.5452 -0.0700 0.3281
20 309 8.0483 4.1353 -0.5459 0.2606 -0.0357
20 310 8.0450 4.1366 -0.5462 -0.1266 -0.0431
20 311 8.0415 4.1392 -0.5460 -0.5640 -0.8430
20 312 7.9861 4.2057 -0.5327 -0.7128 -0.7272
20 313 7.9419 4.2671 -0.5183 -0.7745 0.6984
20 314 7.9825 4.2062 -0.5333 0.1958 0.0995
20 315 7.9917 4.2022 -0.5328 -0.6575 -0.5047
20 316 7.9600 4.2438 -0.5235 0.5724 -0.0346
20 317 7.9565 4.2444 -0.5241 -0.5653 -0.9957
20 318 7.8893 4.3215 -0.5083 0.6665 -0.0121
20 319 7.8881 4.3216 -0.5085 0.5066 -0.3665
20 320 7.8514 4.3293 -0.5138 -0.5791 -0.6382
20 321 7.8084 4.3787 -0.5034 0.0858 0.3978
20 322 7.8443 4.3616 -0.5024 -0.2572 -0.3210
20 323 7.8188 4.3815 -0.4999 -0.7322 -0.8347
20 324 7.7664 4.4510 -0.4830 0.3226 0.4351
20 325 7.8086 4.4388 -0.4789 0.4792 -0.2845
20 326 7.7801 4.4443 -0.4827 0.1770 0.2239
20 327 7.8010 4.4363 -0.4815 -0.0545 0.1948
20 328 7.8180 4.4266 -0.4819 0.4844 -0.4628
20 329 7.7716 4.4356 -0.4882 -0.7688 -0.2782
20 330 7.7544 4.4592 -0.4823 -0.2063 -0.4486
20 331 7.7176 4.4851 -0.4795 -0.0395 0.5296
20 332 7.7639 4.4594 -0.4802 0.6828 -0.4534
20 333 7.7170 4.4631 -0.4888 -0.7119 -0.4213
20 334 7.6899 4.4976 -0.4804 0.7545 -0.8126
20 335 7.6050 4.5013 -0.4975 0.5362 -0.5864
20 336 7.5459 4.5121 -0.5063 -0.6274 -0.7189
20 337 7.4982 4.5690 -0.4937 -0.1151 0.7246
20 338 7.5593 4.5298 -0.4963 -0.1638 0.3854
20 339 7.5911 4.5078 -0.4982 0.4692 -0.1573
20 340 7.5755 4.5113 -0.5003 -0.3438 0.6986
20 341 7.6287 4.4649 -0.5072 0.4909 -0.5174
20 342 7.5771 4.4761 -0.5144 0.1322 -0.6193
20 343 7.5207 4.5020 -0.5169 -0.1577 -0.7003
20 344 7.4635 4.5426 -0.5135 0.4109 0.3715
20 345 7.4999 4.5329 -0.5092 0.7554 -0.7974
20 346 7.4167 4.5388 -0.5259 0.2186 0.6611
20 347 7.4783 4.5139 -0.5216 -0.7786 0.7854
20 348 7.5235 4.4451 -0.5386 -0.3376 -0.5589
20 349 7.4820 4.4834 -0.5332 0.7822 0.8860
20 350 7.5748 4.4776 -0.5139 -0.3959 -0.3362
20 351 7.5500 4.5010 -0.5101 -0.5445 -0.7067
20 352 7.5012 4.5545 -0.4993 -0.7597 -0.9944
20 353 7.4396 4.6383 -0.4783 0.5059 0.1983
20 354 7.4595 4.6349 -0.4755 0.4788 -0.3694
20 355 7.4225 4.6419 -0.4805 0.1864 0.1004
20 356 7.4320 4.6384 -0.4799 0.2635 0.5402
20 357 7.4837 4.6217 -0.4757 0.4029 -0.1248
20 358 7.4714 4.6246 -0.4772 -0.7252 -0.5061
20 359 7.4386 4.6659 -0.4670 0.0043 0.9318
20 360 7.5219 4.6242 -0.4668 -0.7004 -0.9160
20 361 7.4607 4.6972 -0.4490 0.1189 0.7524
20 362 7.5310 4.6700 -0.4463 0.4219 0.1885
20 363 7.5498 4.6664 -0.4440 0.7640 -0.5924
20 364 7.4877 4.6663 -0.4566 -0.1514 0.6411
20 365 7.5423 4.6324 -0.4595 -0.1749 0.5703
20 366 7.5903 4.6014 -0.4625 -0.7180 0.3545
20 367 7.6136 4.5726 -0.4696 -0.0803 0.4475
20 368 7.6523 4.5503 -0.4707 0.0658 -0.4995
20 369 7.6069 4.5710 -0.4717 -0.4549 -0.9136
20 370 7.5383 4.6338 -0.4599 -0.1358 -0.1535
20 371 7.5252 4.6418 -0.4593 0.7762 0.8109
20 372 7.6102 4.6424 -0.4418 -0.7562 -0.6347
20 373 7.5680 4.6937 -0.4285 -0.2312 0.6397
20 374 7.6219 4.6586 -0.4328 0.3124 0.5317
20 375 7.6740 4.6461 -0.4280 0.7264 -0.7583
20 376 7.5950 4.6466 -0.4433 0.4533 0.0108
20 377 7.5960 4.6464 -0.4432 0.2017 -0.2095
20 378 7.5760 4.6529 -0.4444 0.4995 0.6239
20 379 7.6391 4.6441 -0.4357 -0.3013 0.9605
20 380 7.7175 4.5872 -0.4441 0.6298 -0.3671
20 381 7.6797 4.5899 -0.4505 -0.0781 0.4106
20 382 7.7157 4.5701 -0.4515 -0.3660 0.7571
20 383 7.7752 4.5219 -0.4595 -0.6796 0.2389
20 384 7.7913 4.5030 -0.4640 -0.3918 0.6668
20 385 7.8426 4.4591 -0.4715 -0.1639 0.5746
20 386 7.8908 4.4276 -0.4743 0.0157 0.7664
20 387 7.9594 4.3933 -0.4740 -0.7106 -0.6135
20 388 7.9191 4.4429 -0.4618 0.1532 0.1646
20 389 7.9345 4.4370 -0.4611 -0.6864 0.8364
20 390 7.9902 4.3703 -0.4770 0.5605 -0.4866
20 391 7.9407 4.3776 -0.4847 0.5730 -0.0452
20 392 7.9362 4.3782 -0.4854 0.0080 -0.9967
20 393 7.8478 4.4243 -0.4857 0.3764 0.5354
20 394 7.9003 4.4108 -0.4799 -0.6324 0.6168
20 395 7.9418 4.3625 -0.4908 -0.6624 -0.7738
20 396 7.8905 4.4241 -0.4765 -0.1060 -0.7976
20 397 7.8222 4.4654 -0.4739 -0.0749 -0.9172
20 398 7.7427 4.5113 -0.4718 -0.0038 0.4585
20 399 7.7835 4.4903 -0.4718 0.4092 -0.4016
20 400 7.7437 4.4994 -0.4765 0.1024 0.8260
20 401 7.8197 4.4666 -0.4739 -0.1591 0.1799
20 402 7.8348 4.4567 -0.4748 0.7075 -0.5947
20 403 7.7730 4.4606 -0.4865 -0.7394 -0.8264
20 404 7.7204 4.5290 -0.4695 0.0503 0.9143
20 405 7.8033 4.4904 -0.4681 0.3138 -0.3818
20 406 7.7662 4.5008 -0.4715 -0.1904 0.8991
20 407 7.8409 4.4502 -0.4767 0.4718 -0.3720
20 408 7.8037 4.4575 -0.4816 0.5881 -0.3112
20 409 7.7719 4.4617 -0.4867 0.0526 0.7487
20 410 7.8394 4.4291 -0.4855 0.1212 0.2863
20 411 7.8657 4.4178 -0.4845 -0.4487 -0.1350
20 412 7.8557 4.4272 -0.4827 0.5925 -0.4119
20 413 7.8137 4.4328 -0.4896 0.2571 -0.3982
20 414 7.7758 4.4457 -0.4926 -0.2190 -0.1773
20 415 7.7614 4.4563 -0.4914 -0.7216 0.8455
20 416 7.8143 4.3858 -0.5084 0.1332 0.1963
20 417 7.8323 4.3778 -0.5076 -0.2033 -0.6004
20 418 7.7838 4.4136 -0.5039 0.6328 -0.1262
20 419 7.7709 4.4153 -0.5062 -0.1877 0.5948
20 420 7.8191 4.3802 -0.5095 0.6811 -0.7859
20 421 7.7381 4.3894 -0.5244 -0.5531 -0.7154
20 422 7.6897 4.4445 -0.5133 -0.7634 -0.7399
20 423 7.6450 4.5078 -0.4976 0.7807 -0.6171
20 424 7.5803 4.5106 -0.5110 -0.0959 0.7631
20 425 7.6444 4.4691 -0.5133 -0.7453 -0.9520
20 426 7.5860 4.5496 -0.4935 -0.7811 -0.9430
20 427 7.5280 4.6298 -0.4731 0.5282 0.2020
20 428 7.5485 4.6266 -0.4701 -0.5605 -0.9739
20 429 7.4787 4.6981 -0.4548 -0.0297 0.3352
20 430 7.5085 4.6828 -0.4551 -0.1443 0.2765
20 431 7.5321 4.6683 -0.4563 0.7685 -0.7250
20 432 7.4562 4.6691 -0.4718 -0.0199 0.4840
20 433 7.4990 4.6465 -0.4721 -0.1741 0.2993
20 434 7.5240 4.6299 -0.4736 0.0397 0.9993
20 435 7.6142 4.5868 -0.4724 0.6400 -0.7709
20 436 7.5349 4.5947 -0.4861 -0.4563 -0.0876
20 437 7.5284 4.6008 -0.4850 0.6483 -0.7037
20 438 7.4561 4.6086 -0.4977 0.7332 -0.7402
20 439 7.3790 4.6141 -0.5128 0.3439 0.3734
20 440 7.4151 4.6031 -0.5091 0.2006 0.5184
20 441 7.4634 4.5838 -0.5060 0.5415 -0.2142
20 442 7.4418 4.5878 -0.5092 -0.4546 -0.5003
20 443 7.4057 4.6237 -0.5028 0.7707 -0.5019
20 444 7.3532 4.6265 -0.5135 -0.3066 0.4763
20 445 7.3897 4.5953 -0.5178 0.4566 0.1462
20 446 7.4042 4.5917 -0.5159 -0.2950 -0.3641
20 447 7.3761 4.6153 -0.5128 0.4259 0.1427
20 448 7.3901 4.6117 -0.5110 0.4866 0.0979
20 449 7.3999 4.6096 -0.5097 -0.6988 -0.9610
20 450 7.3388 4.6887 -0.4910 -0.1154 0.6697
20 451 7.3954 4.6526 -0.4934 -0.7566 -0.6183
20 452 7.3569 4.7046 -0.4804 -0.3141 0.9557
20 453 7.4318 4.6440 -0.4891 0.0811 0.8794
20 454 7.5117 4.6070 -0.4869 -0.1140 0.6684
20 455 7.5683 4.5713 -0.4892 0.0725 0.3358
20 456 7.5987 4.5569 -0.4885 0.3727 -0.4166
20 457 7.5579 4.5678 -0.4929 0.5721 0.0898
20 458 7.5671 4.5664 -0.4915 -0.0589 0.7929
20 459 7.6354 4.5262 -0.4929 0.4806 0.7389
20 460 7.7093 4.5114 -0.4829 -0.2023 0.9013
20 461 7.7832 4.4592 -0.4883 0.2374 -0.0036
20 462 7.7829 4.4594 -0.4884 0.7039 0.3709
20 463 7.8213 4.4567 -0.4811 0.4690 -0.4200
20 464 7.7794 4.4652 -0.4867 0.4777 -0.9372
20 465 7.6859 4.4846 -0.4993 -0.2662 0.6698
20 466 7.7387 4.4427 -0.5046 0.0307 -0.0247
20 467 7.7365 4.4439 -0.5046 0.3324 0.3564
20 468 7.7710 4.4334 -0.5012 -0.2539 -0.4556
20 469 7.7347 4.4615 -0.4978 -0.7278 -0.8522
20 470 7.6808 4.5321 -0.4805 0.7735 -0.2095
20 471 7.6589 4.5327 -0.4850 0.7160 -0.2031
20 472 7.6378 4.5341 -0.4891 0.5075 -0.7196
20 473 7.5656 4.5478 -0.4994 0.6699 -0.7831
20 474 7.4849 4.5567 -0.5140 -0.7416 -0.7235
20 475 7.4406 4.6180 -0.4990 0.2662 -0.3883
20 476 7.4037 4.6307 -0.5021 -0.0152 -0.7561
20 477 7.3377 4.6678 -0.5017 0.0354 0.4837
20 478 7.3807 4.6455 -0.5012 -0.1283 0.4430
20 479 7.4177 4.6210 -0.5029 0.1015 0.5590
20 480 7.4684 4.5974 -0.5012 -0.1937 0.4170
20 481 7.5023 4.5729 -0.5036 0.7708 -0.2738
20 482 7.4737 4.5744 -0.5094 -0.7030 -0.8934
20 483 7.4171 4.6481 -0.4920 -0.7430 -0.9958
20 484 7.3541 4.7309 -0.4714 0.4181 -0.2715
20 485 7.3272 4.7369 -0.4747 0.6404 -0.5427
20 486 7.2714 4.7424 -0.4843 0.3224 -0.4878
20 487 7.2242 4.7563 -0.4889 -0.2798 0.9580
20 488 7.2999 4.6965 -0.4967 0.7775 -0.5993
20 489 7.2371 4.6993 -0.5097 -0.2785 0.7629
20 490 7.2965 4.6505 -0.5159 -0.7130 0.2295
20 491 7.3106 4.6312 -0.5205 -0.3654 -0.4380
20 492 7.2780 4.6612 -0.5159 -0.7431 -0.5044
20 493 7.2473 4.7041 -0.5054 0.6483 0.9215
20 494 7.3420 4.6934 -0.4888 -0.4881 -0.1696
20 495 7.3297 4.7056 -0.4865 0.4425 -0.2755
20 496 7.3024 4.7117 -0.4899 0.3506 0.8796
20 497 7.3881 4.6881 -0.4810 0.0474 0.6873
20 498 7.4501 4.6582 -0.4800 0.2591 0.2990
20 499 7.4787 4.6489 -0.4777 0.3464 -0.2950
20 500 7.4499 4.6567 -0.4807 -0.0168 0.9753
